SA2_code,state_name,state_code,sa2_name16,persons_num,median_persons_age,males_num,median_male_age,females_num,median_female_age,percentage_person_aged_0_14,percentage_person_aged_15_64,percentage_person_aged_65_plus,earners_persons,median_age_of_earners_years,gini_coefficient_no,median_aud,mean_aud,income_aud,highest_quartile_pc,income_share_top_5pc,third_quartile_pc,lowest_quartile_pc,income_share_top_1pc,second_quartile_pc,income_share_top_10pc,popfraction,quartile,occup_diversity,bsns_entries,bsns_exits,bsns_growth_rate,bridge_diversity,bridge_rank1,bridge_rank2,bridge_rank3,bridge_rank4,bridge_rank5,time_q1,time_q2,time_q3,time_q4,tot_time,fq1,fq2,fq3,fq4,income_diversity,raw_inequality,inequality,inflow_r1,inflow_r2,inflow_r3,outflow_r1,outflow_r2,outflow_r3,spent_r1,spent_r2,spent_r3,gain_r1,gain_r2,gain_r3,exchanged_r1,exchanged_r2,exchanged_r3
401011001,South Australia,4,Adelaide,16900,29.4,8740,30.9,8160,28.0,0.049,0.851,0.099,8096,34,0.54,38912,56151,454598954,0.262,0.267,0.22,0.276,0.113,0.242,0.385,0.009820129,2,2.943522395,1422,1286,0.050221566,4.67497338,404031107.0,401071023.0,401071024.0,403011057.0,404031108.0,466424095.5,3724162707.0,2009941159.0,2755198625.0,8955726586.0,0.0520811,0.415841492,0.224430831,0.307646577,1.216774489,0.446976137,17.87429818,404031107,401071024,401041016,401011002,404031108,401051017,401051017,401071024,404031107,401031012,401061022.0,401041015.0,401071024.0,401051017.0,404031107.0
401011002,South Australia,4,North Adelaide,7293,36.2,3549,35.9,3744,36.6,0.073,0.725,0.20199999999999999,4132,44,0.56,49933,81267,335793567,0.368,0.312,0.214,0.213,0.11900000000000001,0.20600000000000002,0.434,0.004237763,4,2.577973379,156,160,-0.012658228,4.547755838,404031108.0,401011001.0,404011093.0,404031107.0,401031011.0,104660963.1,235269490.0,398739185.2,1001230537.0,1739900175.0,0.06015343,0.135220108,0.229173599,0.575452863,1.095267945,0.650905726,33.77883859,404011093,401061021,402031036,401011001,401061021,404011093,404011093,401071024,401011001,404011093,401061021.0,402041171.0,404011093.0,401071024.0,401061021.0
401021003,South Australia,4,Adelaide Hills,6941,45.4,3494,45.4,3447,45.4,0.17,0.66,0.171,4058,47,0.47,40098,49275,199958198,0.24600000000000002,0.209,0.24600000000000002,0.259,0.077,0.249,0.316,0.004033226,3,3.316636683,65,75,-0.071428571,4.520121639,401011001.0,401021007.0,401071024.0,404031108.0,402031036.0,30134360.69,48922477.48,789533720.7,50632802.67,919223361.5,0.032782414,0.053221534,0.858913898,0.055082154,0.558468685,1.217827796,77.99329047,401021006,402051054,405011112,402051052,401021006,402051055,401021006,401011001,402051055,407031164,405011110.0,401021006.0,401021006.0,402051055.0,407031164.0
401021004,South Australia,4,Aldgate - Stirling,17981,44.1,8924,44.0,9057,44.2,0.19899999999999998,0.622,0.179,11243,47,0.51,46140,63617,715247830,0.326,0.258,0.22399999999999998,0.23600000000000002,0.10400000000000001,0.214,0.371,0.010448269,4,3.221511888,211,194,0.041975309,4.539514511,407031165.0,401071024.0,401021007.0,403031067.0,404031107.0,59472422.13,87415755.7,171946212.4,2153197331.0,2472031721.0,0.024058114,0.035361907,0.069556637,0.871023342,0.513542848,1.242046684,79.88213004,401021007,401021006,401021005,401011001,401021007,401021005,401051017,401021007,401071023,401021010,401021005.0,401021007.0,401021007.0,401021005.0,401021006.0
401021005,South Australia,4,Hahndorf - Echunga,4580,46.5,2287,45.8,2293,47.2,0.16699999999999998,0.613,0.21899999999999997,2608,48,0.51,40317,52950,138094609,0.266,0.233,0.23,0.263,0.09300000000000001,0.242,0.349,0.002661313,3,3.138585145,58,41,0.171717172,4.444051865,401021007.0,401011001.0,401021004.0,403041083.0,401071024.0,48303988.42,48840325.6,576058963.5,72447712.18,745650989.7,0.064780962,0.065500249,0.772558437,0.097160351,0.781698785,1.045116875,64.52350491,401021004,401021007,401021006,401021007,401021004,401011001,401021007,401021004,401021006,401021004,401021007.0,401021006.0,401021007.0,401021006.0,401021008.0
401021006,South Australia,4,Lobethal - Woodside,9105,43.2,4503,41.9,4602,44.4,0.183,0.634,0.183,5298,45,0.49,41269,52004,275514928,0.23199999999999998,0.242,0.27399999999999997,0.244,0.10800000000000001,0.25,0.34600000000000003,0.005290667,3,3.446155908,103,97,0.03,4.390306963,401021007.0,401021004.0,407031165.0,401011001.0,401071023.0,95999899.7,36685668.48,1269459228.0,70581976.53,1472726773.0,0.065185139,0.02491003,0.861978781,0.04792605,0.543598497,1.223957562,78.47135304,401021004,401021007,401021003,401021007,401011001,401021004,401021007,402051052,404031104,401021003,401021005.0,401021007.0,401021007.0,402051052.0,401031013.0
401021007,South Australia,4,Mount Barker,18072,36.9,8753,35.2,9319,38.7,0.212,0.634,0.154,8518,42,0.43,40153,47144,401568550,0.21899999999999997,0.18,0.271,0.24100000000000002,0.062,0.26899999999999996,0.287,0.010501146,3,3.417093353,174,146,0.0875,4.471005937,401021004.0,401071024.0,407031165.0,401031011.0,401021006.0,213047955.4,72385322.96,3026761329.0,120089035.8,3432283643.0,0.06207178,0.021089552,0.881850582,0.034988086,0.482094004,1.263701164,81.57097061,401021004,401021006,407031165,401011001,401021008,401021004,401071024,401021004,401011001,407011146,401021005.0,401021009.0,407031165.0,401021009.0,401071024.0
401021008,South Australia,4,Mount Barker Region,6427,42.4,3251,42.9,3176,42.0,0.193,0.6759999999999999,0.131,3430,45,0.47,36755,44498,152627220,0.19399999999999998,0.204,0.253,0.265,0.079,0.28800000000000003,0.31,0.003734554,1,3.26875135,69,74,-0.034965035,4.382434703,407031165.0,401021007.0,401021004.0,401011001.0,401021006.0,714375645.2,41779653.18,124787045.4,30429929.24,911372273.1,0.783846148,0.045842577,0.136922144,0.033389132,0.717966876,1.067692295,66.28416988,401021007,407011146,401021004,401021007,407011146,401021005,401011001,401021007,401021004,401021007,403041072.0,401021005.0,407031165.0,407011148.0,407011146.0
401021009,South Australia,4,Nairne,5234,34.8,2544,33.4,2690,36.3,0.225,0.6729999999999999,0.10099999999999999,2491,40,0.41,40559,44928,111914470,0.193,0.165,0.302,0.235,0.055999999999999994,0.27,0.265,0.003041335,3,3.071930207,37,37,0.0,4.412954641,401021007.0,401011001.0,407031165.0,401071024.0,401021004.0,31042452.07,9868082.718,662132836.1,12939294.29,715982665.1,0.04335643,0.013782572,0.924788921,0.018072078,0.339954133,1.349577841,88.26852287,401021007,401021006,401021008,401021007,401011001,401021008,401021007,401011001,401021004,401021007,401021008.0,401021006.0,407031165.0,,
401021010,South Australia,4,Uraidla - Summertown,5545,42.9,2836,42.7,2709,43.1,0.187,0.645,0.168,3250,47,0.51,42034,56884,184871749,0.292,0.239,0.22,0.26,0.09300000000000001,0.228,0.354,0.003222048,4,3.134213431,55,65,-0.083333333,4.419910135,401021004.0,401011001.0,401021007.0,401071024.0,404031108.0,10036575.98,20025199.97,122479086.1,594183477.6,746724339.6,0.013440805,0.026817393,0.164021821,0.795719981,0.633306565,1.091439963,68.13625884,401041016,401021004,401031011,401011001,401021004,401051017,401041016,401021004,401051018,401021007,401071024.0,403031069.0,401041016.0,401051018.0,401051017.0
401031011,South Australia,4,Burnside - Wattle Park,19190,42.7,9233,41.9,9957,43.5,0.16899999999999998,0.628,0.20199999999999999,11476,48,0.54,46002,69318,795498949,0.34600000000000003,0.271,0.2,0.24,0.109,0.213,0.392,0.011150785,4,3.268218621,272,218,0.110204082,4.592322156,404031107.0,401041016.0,402031037.0,401071024.0,402031038.0,26488710.66,69388753.34,217437689.7,1802705585.0,2116020739.0,0.012518172,0.032792095,0.102757825,0.851931908,0.537240073,1.203863816,76.90423472,401041016,401031013,401051018,401051017,401011001,401031013,401051017,401041015,401011001,401031013,401031012.0,401071024.0,401051017.0,401031013.0,401041015.0
401031012,South Australia,4,Glenside - Beaumont,9992,43.4,4756,43.6,5236,43.1,0.18100000000000002,0.614,0.205,5999,50,0.55,49768,77923,467462738,0.375,0.282,0.19699999999999998,0.231,0.106,0.19699999999999998,0.408,0.005806079,4,2.861958456,153,146,0.023411371,4.491251374,401011001.0,404031107.0,401071024.0,401071023.0,404031108.0,22327613.41,41977752.05,61561857.39,1139527899.0,1265395122.0,0.017644776,0.033173632,0.048650304,0.900531288,0.425650511,1.301062576,84.48480027,401071024,401031013,401021004,401031013,401011001,401071024,401011001,404031107,401051019,401071024,401031011.0,401021004.0,401071024.0,401031013.0,403031069.0
401031013,South Australia,4,Toorak Gardens,16309,44.1,7650,41.6,8659,45.9,0.17,0.595,0.235,9912,49,0.58,48743,79973,792691459,0.366,0.312,0.203,0.233,0.133,0.198,0.43700000000000006,0.009476715,4,3.189601993,428,316,0.150537634,4.580474292,401011001.0,404031107.0,401071024.0,401071023.0,401041016.0,46663393.64,116870876.5,152644137.1,2271639086.0,2587817493.0,0.018031949,0.045161947,0.058985666,0.877820438,0.49364665,1.255640877,80.94234592,401031011,401071024,401041016,401011001,401051017,401031012,401051019,401051017,404031107,401041016,401061022.0,401031012.0,401051017.0,401051019.0,401071024.0
401041014,South Australia,4,Athelstone,9335,42.7,4655,41.9,4680,43.5,0.16399999999999998,0.6629999999999999,0.17300000000000001,5795,45,0.44,41642,49920,289289207,0.24600000000000002,0.192,0.264,0.233,0.073,0.256,0.297,0.005424314,3,3.274491845,91,75,0.096385542,4.486165817,402031037.0,401041015.0,401041016.0,401071024.0,402031036.0,5341579.083,96141937.94,540558179.5,95005336.37,737047032.9,0.00724727,0.130442066,0.733410699,0.128899964,0.792869383,0.966821398,58.41721308,401041015,402051051,401041016,401041015,402051051,402051052,401051018,401041015,401051017,401041016,401041015.0,402051051.0,401041015.0,401041016.0,401051018.0
401041015,South Australia,4,Paradise - Newton,20130,41.0,9873,38.7,10257,43.6,0.165,0.618,0.217,9905,42,0.43,37881,42761,423550579,0.18100000000000002,0.168,0.281,0.264,0.055999999999999994,0.27399999999999997,0.27399999999999997,0.011696994,2,3.429745781,265,177,0.199095023,4.564788184,401041016.0,402031036.0,402031037.0,402031038.0,401071024.0,47113117.33,1847416833.0,639954320.6,249434344.5,2783918615.0,0.01692331,0.663603032,0.22987537,0.089598289,0.895271235,0.827206063,47.52856398,401041016,402031038,402051051,401041016,401011001,401051018,401011001,401041016,401061021,402051052,401031011.0,401041016.0,401041016.0,402051052.0,402031038.0
401041016,South Australia,4,Rostrevor - Magill,22194,40.4,10751,38.3,11443,42.5,0.171,0.626,0.203,11494,43,0.45,39483,48244,554514826,0.239,0.188,0.24600000000000002,0.262,0.064,0.252,0.297,0.012896328,3,3.422866497,274,153,0.283372365,4.592404235,404031107.0,401071024.0,402031036.0,401041015.0,402031037.0,32522619.52,288281062.1,2092542857.0,298364447.3,2711710986.0,0.011993394,0.106309656,0.771668835,0.110028115,0.734184526,1.04333767,64.38474407,401041015,401031011,401051018,401041015,401051018,401011001,402031038,401051017,401031013,401021010,401041015.0,401071024.0,401051018.0,402031038.0,401051017.0
401051017,South Australia,4,Norwood (SA),10465,39.5,5076,37.7,5389,41.2,0.125,0.688,0.187,6078,42,0.51,45828,64402,391436145,0.32,0.258,0.231,0.225,0.10800000000000001,0.22399999999999998,0.37200000000000005,0.006080926,4,3.117996338,388,323,0.091420534,4.557116217,401011001.0,401071024.0,401041016.0,404031108.0,401031011.0,58165643.99,150003272.6,235138223.6,1359690450.0,1802997590.0,0.032260522,0.083196602,0.130415162,0.754127713,0.796122049,1.008255427,61.64866761,401031011,401041016,401031013,401011001,401031013,401051019,401051018,401071024,401011001,401031011,401031013.0,401011001.0,401051018.0,404031108.0,401051019.0
401051018,South Australia,4,Payneham - Felixstow,12677,40.8,5961,38.1,6716,43.5,0.14800000000000002,0.631,0.22,6690,41,0.44,40411,48170,322260634,0.23600000000000002,0.185,0.26,0.25,0.063,0.253,0.292,0.007366259,3,3.237126618,203,142,0.176811594,4.523707507,401041016.0,402031037.0,401041015.0,402031036.0,402031038.0,27587179.23,107370348.9,1278288727.0,464704740.0,1877950995.0,0.014690042,0.057174202,0.680682686,0.247453071,0.833020728,0.861365371,50.19266044,401041016,401041015,401031011,401051019,401011001,401041016,401011001,401041016,401041015,401041014,401051017.0,401031013.0,401051019.0,402031038.0,401071024.0
401051019,South Australia,4,St Peters - Marden,13411,39.6,6598,37.9,6813,41.5,0.153,0.677,0.17,7927,42,0.54,45042,66875,530116906,0.327,0.276,0.21600000000000003,0.231,0.114,0.226,0.39299999999999996,0.007792766,4,3.253772012,230,167,0.158690176,4.525216675,402031037.0,401041016.0,401011001.0,402031038.0,402031036.0,32909840.15,113378229.4,271837354.2,1262465226.0,1680590650.0,0.019582306,0.067463323,0.161751081,0.751203291,0.768477269,1.002406581,61.19251405,401041016,401051018,401041015,401011001,401051018,401051017,401051018,401061021,404031108,401031013,401051017.0,402031037.0,401061021.0,401071024.0,401061022.0
401061020,South Australia,4,Nailsworth - Broadview,6264,37.5,3088,36.2,3176,39.1,0.171,0.69,0.139,3593,41,0.46,45644,56922,204521147,0.3,0.212,0.254,0.207,0.086,0.239,0.316,0.00363984,4,2.956879446,75,55,0.153846154,4.434699411,404031108.0,401011001.0,401051019.0,402031037.0,401071024.0,14433738.91,65284823.33,78090005.9,430435230.5,588243798.6,0.024537001,0.110982595,0.132751091,0.731729313,0.831568113,0.963458625,58.15494928,402031036,401061021,402031038,401061021,402031036,401011001,401051017,401011001,402031038,402031038,401051019.0,402031036.0,402031038.0,401061021.0,402031036.0
401061021,South Australia,4,Prospect,14902,36.9,7537,35.2,7365,38.9,0.17300000000000001,0.69,0.13699999999999998,8202,40,0.46,44508,55724,457047989,0.29,0.21,0.255,0.225,0.081,0.23,0.318,0.008659146,4,3.232714598,257,175,0.189814815,4.59300149,404031107.0,402031037.0,402031036.0,401011001.0,404031108.0,163487250.1,251139902.6,201465938.3,1431421679.0,2047514770.0,0.079846677,0.122655966,0.098395353,0.699102004,0.937607007,0.898204008,53.06571871,402031036,404011093,404021102,401011001,402031036,404021102,402031036,402031038,401051017,402041041,402041040.0,401051019.0,402031036.0,404011097.0,402031038.0
401061022,South Australia,4,Walkerville,7859,43.7,3844,43.2,4015,44.2,0.152,0.632,0.21600000000000003,4368,49,0.59,49078,83732,365743550,0.376,0.33,0.187,0.23199999999999998,0.14400000000000002,0.205,0.45299999999999996,0.00456665,4,3.086426308,142,119,0.088122605,4.515709872,402031038.0,401011001.0,402031036.0,401041016.0,402031037.0,23911276.66,59216186.68,159793347.2,905775451.5,1148696262.0,0.020816013,0.051550779,0.139108442,0.788524766,0.695196395,1.077049533,67.01394412,402031038,401051019,402031037,401011001,401051019,401011002,401011001,401051017,401031013,401051019,402031038.0,401061020.0,402031038.0,404011093.0,402031036.0
401071023,South Australia,4,Goodwood - Millswood,18162,39.1,8659,38.1,9503,39.9,0.163,0.667,0.17,10593,43,0.53,48213,70084,742398780,0.345,0.278,0.228,0.213,0.113,0.215,0.39299999999999996,0.010553443,4,3.240294756,331,279,0.085245902,4.581961479,404031107.0,401011001.0,401071024.0,403011057.0,404031108.0,50324669.25,126140552.1,304933923.6,1918059765.0,2399458910.0,0.020973341,0.052570416,0.127084453,0.79937179,0.677068627,1.098743581,68.70587059,401071024,404031107,403031068,401011001,401071024,403031068,401071024,401051017,403021058,401031011,401021004.0,401031013.0,401071024.0,403021058.0,403011057.0
401071024,South Australia,4,Unley - Parkside,20921,41.8,9893,39.7,11028,43.5,0.16,0.634,0.20600000000000002,12242,44,0.52,48217,69507,850905407,0.35200000000000004,0.258,0.213,0.23,0.09699999999999999,0.205,0.38,0.012156622,4,3.190273312,422,375,0.058971142,4.581390687,401021004.0,404031107.0,401011001.0,401071023.0,404031108.0,53820335.73,124961736.0,151300159.1,2288452196.0,2618534427.0,0.02055361,0.047722014,0.057780474,0.873943903,0.507525225,1.247887805,80.33768116,401071023,403031069,401031013,401011001,403031069,401071023,401011001,404031107,401041016,401071023,403011057.0,401011001.0,403011057.0,403031068.0,403031069.0
402011025,South Australia,4,Gawler - North,9420,37.9,4726,37.4,4694,38.3,0.217,0.654,0.129,4914,41,0.4,42726,47728,234535134,0.23800000000000002,0.155,0.287,0.21899999999999997,0.05,0.255,0.257,0.005473705,4,3.233387645,70,60,0.076923077,4.479627657,402011026.0,401011001.0,402021032.0,405011111.0,402031036.0,44342149.65,321400723.3,100327124.5,959150871.9,1425220869.0,0.031112476,0.225509414,0.070394089,0.672984021,0.89716241,0.845968043,48.99181735,402011026,405011111,402021028,402011026,402021030,402021034,402011026,405011111,402021030,405011111,402011026.0,405011112.0,402011026.0,405011111.0,402021028.0
402011026,South Australia,4,Gawler - South,20468,40.8,9933,38.9,10535,42.6,0.17800000000000002,0.625,0.19699999999999998,9402,44,0.42,39152,44571,419055120,0.196,0.168,0.28300000000000003,0.243,0.057999999999999996,0.278,0.273,0.011893396,2,3.473348319,122,119,0.012448133,4.432503088,402041048.0,402021028.0,402021029.0,402021032.0,405011111.0,99584093.93,2930927444.0,229185311.2,415235904.4,3674932754.0,0.027098208,0.797545871,0.062364491,0.112991429,0.697613563,1.095091742,68.4210624,402011025,402021028,405011111,402011025,402021030,402021034,402011025,402021034,402021030,402021029,402011025.0,402021034.0,402021034.0,405011115.0,402021032.0
402011027,South Australia,4,Lewiston - Two Wells,5743,40.4,3014,40.2,2729,40.6,0.2,0.682,0.11699999999999999,2911,43,0.39,40569,44413,129284804,0.18100000000000002,0.153,0.315,0.215,0.047,0.289,0.252,0.003337101,3,3.134529541,73,56,0.131782946,4.445274779,402011026.0,401011001.0,402031036.0,402031037.0,402021028.0,32157541.8,54148047.93,557058432.3,20359000.74,663723022.8,0.048450243,0.081582296,0.83929352,0.030673941,0.605044689,1.178587041,74.93289013,402011026,405011113,402021028,402021035,402021032,402011026,402011026,402041046,402021032,405011113,405021119.0,402011026.0,405011113.0,402021032.0,405021119.0
402021028,South Australia,4,Craigmore - Blakeview,18751,32.1,9146,31.3,9605,32.9,0.23600000000000002,0.669,0.095,8591,39,0.36,41495,43587,374457153,0.163,0.136,0.34600000000000003,0.20199999999999999,0.04,0.28800000000000003,0.23199999999999998,0.010895695,3,3.453461864,103,77,0.144444444,4.452181022,402011026.0,402031037.0,402031036.0,402021029.0,402041046.0,253656617.1,151992688.9,1627868210.0,40418137.77,2073935654.0,0.122306889,0.07328708,0.784917414,0.019488617,0.715353713,1.069834828,66.45126677,402021034,402021029,402021031,402021034,402021030,402021031,402021030,402051052,402041046,402021031,402021032.0,402021029.0,402021030.0,402021032.0,402021031.0
402021029,South Australia,4,Davoren Park,18052,28.8,8924,28.8,9128,28.9,0.27699999999999997,0.642,0.081,5980,34,0.36,37335,37961,227007800,0.095,0.13,0.34299999999999997,0.24600000000000002,0.036000000000000004,0.316,0.225,0.010489525,2,3.281197222,106,51,0.350318471,4.439070336,402011026.0,402021028.0,401011001.0,402031036.0,402041044.0,372517498.8,1993895311.0,450189384.8,60050760.8,2876652955.0,0.129496851,0.693130295,0.156497635,0.020875219,0.889791097,0.88626059,52.13424729,402021032,402021028,402021034,402021034,402021030,402021032,402011026,402021030,402021032,402041048,402021031.0,402021034.0,402021032.0,402021030.0,402021034.0
402021030,South Australia,4,Elizabeth,10491,36.9,5217,35.2,5274,38.4,0.212,0.613,0.175,3270,41,0.38,33556,34290,112129301,0.069,0.13699999999999998,0.301,0.284,0.039,0.34600000000000003,0.235,0.006096034,1,2.649103139,53,46,0.070707071,4.436201743,401011001.0,402031036.0,402031037.0,402041047.0,402031038.0,1310215937.0,576325755.8,359989100.4,143076585.6,2389607379.0,0.548297578,0.241180104,0.150647802,0.059874516,1.12622615,0.596595155,29.54313806,402021028,402021029,402021031,402021031,402041046,402041047,402021034,401011001,402041046,402021031,402021029.0,402021032.0,402021034.0,402021031.0,402021032.0
402021031,South Australia,4,Elizabeth East,13205,35.9,6559,35.1,6646,36.6,0.20800000000000002,0.634,0.158,5486,41,0.37,38522,40460,221962293,0.128,0.14,0.336,0.231,0.04,0.305,0.239,0.007673065,2,3.391170449,77,36,0.362831858,4.423107223,402011026.0,402021028.0,401011001.0,402031036.0,402041047.0,390387125.4,1252413157.0,115447042.3,38318723.99,1796566049.0,0.217296283,0.697115009,0.064259837,0.02132887,0.841672534,0.894230018,52.75578581,402021028,402021030,402021034,402021030,402021034,402041046,402021030,402041046,402021028,402021034,402021030.0,402021028.0,402021034.0,402041046.0,402031036.0
402021032,South Australia,4,Munno Para West - Angle Vale,13091,28.6,6489,28.4,6602,28.8,0.268,0.6679999999999999,0.064,4285,37,0.37,40394,42765,183246829,0.155,0.141,0.33899999999999997,0.21100000000000002,0.040999999999999995,0.294,0.24,0.007606823,3,3.320127803,114,71,0.232432432,4.425337869,402011026.0,402021028.0,401011001.0,402011025.0,402021029.0,76336105.41,247505876.6,1056769915.0,48862911.79,1429474809.0,0.053401504,0.173144623,0.73927145,0.034182422,0.798821154,0.9785429,59.33137721,402021029,402021028,402011026,402021029,402021034,402021030,402021030,402011026,402021028,402021029,402011027.0,402021034.0,402021034.0,402041046.0,402041044.0
402021033,South Australia,4,One Tree Hill,2527,47.3,1325,46.8,1202,47.8,0.15,0.6859999999999999,0.16399999999999998,1596,47,0.46,42787,52712,84128484,0.28,0.195,0.237,0.22899999999999998,0.07,0.254,0.304,0.001468371,4,2.219846114,24,29,-0.094339623,4.447393565,401011001.0,402011026.0,402031037.0,402051053.0,402041047.0,6508791.044,22074950.64,40260988.08,209781614.5,278626344.3,0.023360286,0.079227794,0.144498138,0.752913782,0.781844752,1.005827563,61.45931765,402021028,402011026,405011112,402021030,402021034,402011026,402011026,402021030,402031036,402021028,402011026.0,,,,
402021034,South Australia,4,Smithfield - Elizabeth North,12345,34.2,6146,33.8,6199,34.6,0.222,0.63,0.14800000000000002,4537,38,0.36,34589,35332,160302105,0.07200000000000001,0.129,0.32299999999999995,0.265,0.035,0.33899999999999997,0.225,0.007173343,1,3.25743887,57,35,0.239130435,4.439379948,402011026.0,401011001.0,402021028.0,402021029.0,402031036.0,1272439017.0,546545585.3,619110520.0,54771804.22,2492866927.0,0.510431986,0.219243787,0.248352816,0.021971411,1.105801429,0.520863973,23.63683649,402021028,402021029,402021031,402021030,402021029,402021028,402021030,402011026,402021031,402011026,402021031.0,402021030.0,402041046.0,402041047.0,402031036.0
402021035,South Australia,4,Virginia - Waterloo Corner,4403,42.9,2261,43.2,2142,42.3,0.174,0.61,0.21600000000000003,1713,45,0.43,34876,39613,67856481,0.152,0.175,0.244,0.28,0.051,0.324,0.282,0.002558463,1,2.762465864,84,75,0.056603774,4.432811314,401011001.0,402031036.0,402041048.0,402031037.0,402041044.0,440812482.1,135209131.3,334433260.1,51240981.43,961695854.9,0.458369951,0.140594483,0.347753667,0.053281899,1.156943079,0.612247236,30.76384939,402041048,402021029,402041044,402041048,402041046,402021030,402041046,402021030,402031036,402041048,402041044.0,402011026.0,402041044.0,402041046.0,402041048.0
402031036,South Australia,4,Enfield - Blair Athol,23897,34.6,12427,34.1,11470,35.3,0.183,0.6829999999999999,0.135,9916,37,0.4,37017,40419,400792150,0.152,0.151,0.29100000000000004,0.261,0.046,0.29600000000000004,0.255,0.013885895,2,3.492524317,463,223,0.349854227,4.566618494,402031037.0,404031107.0,402031038.0,401041016.0,401041015.0,159785132.9,2525041973.0,493989766.7,441973611.4,3620790484.0,0.044129903,0.697373125,0.13643147,0.122065503,0.917560197,0.894746249,52.79604685,402031037,401061021,402031038,401061021,401011001,404021102,402051052,401011001,404031108,402031038,401061021.0,402041041.0,402031038.0,402031037.0,402051052.0
402031037,South Australia,4,Northgate - Oakden - Gilles Plains,25742,36.0,12899,35.1,12843,37.0,0.182,0.6679999999999999,0.15,10672,39,0.4,40885,44884,479005929,0.204,0.153,0.297,0.235,0.047,0.264,0.256,0.014957974,3,3.478239543,316,175,0.287169043,4.569090946,402031036.0,402051053.0,402031038.0,401041016.0,401041015.0,79946507.95,609879189.7,2405489409.0,167385344.8,3262700452.0,0.024503171,0.186924665,0.737269463,0.051302701,0.781453754,0.974538926,59.01910579,402031038,402051052,402031036,402031038,402051052,401011001,401011001,402031038,401051017,402031036,402041040.0,401041015.0,402031038.0,402041040.0,402051052.0
402031038,South Australia,4,Windsor Gardens,20938,35.3,10201,34.6,10737,36.0,0.179,0.677,0.14400000000000002,10045,38,0.41,39542,44079,442774951,0.193,0.158,0.29,0.239,0.048,0.278,0.261,0.012166501,3,3.418601456,340,214,0.227436823,4.589361065,402031037.0,402031036.0,401041016.0,401041015.0,404031107.0,49093193.87,217030533.7,1920269638.0,254640116.5,2441033482.0,0.020111643,0.088909282,0.786662556,0.104316519,0.718291664,1.073325112,66.72347523,402031037,401041015,402031036,401011001,402031037,402051052,402031036,401011001,401051018,402051053,402051051.0,402031037.0,402051052.0,402051051.0,402041040.0
402041040,South Australia,4,Ingle Farm,15077,40.6,7443,38.7,7634,42.6,0.18,0.609,0.212,7545,41,0.38,38915,41063,309819171,0.15,0.14,0.322,0.239,0.040999999999999995,0.289,0.239,0.008760833,2,3.429191499,123,89,0.160377358,4.472939193,402031037.0,402031036.0,402051053.0,402051054.0,402031038.0,34722383.18,1294287648.0,191463371.7,105553984.5,1626027388.0,0.02135412,0.795981456,0.117749168,0.064915256,0.69317624,1.091962913,68.17704391,402031037,402041041,402051053,402051052,402031037,402041172,402051052,401061021,402031038,402041047,402051053.0,402041172.0,402051052.0,402041172.0,402041171.0
402041041,South Australia,4,Para Hills,14876,37.4,7474,36.9,7402,37.8,0.195,0.657,0.14800000000000002,7851,41,0.39,39965,43500,341519380,0.171,0.154,0.315,0.222,0.046,0.293,0.254,0.008644038,3,3.518855353,156,95,0.243027888,4.459850333,402031037.0,402051053.0,402031036.0,402031038.0,402041047.0,55067910.93,160869581.8,1384166798.0,107734820.0,1707839111.0,0.032244203,0.094194811,0.810478452,0.063082535,0.677887881,1.120956903,70.43829543,402041047,402041040,402051053,402041040,402051052,402041047,402051052,402041172,401061021,402041047,402031037.0,402041040.0,402041047.0,402051052.0,402041172.0
402041043,South Australia,4,Parafield Gardens,17637,35.0,8812,34.4,8825,35.7,0.212,0.6559999999999999,0.131,7430,40,0.37,37715,39035,290032551,0.122,0.134,0.325,0.245,0.038,0.309,0.233,0.01024838,2,3.266124983,175,111,0.223776224,4.478593507,402031037.0,402041047.0,402031036.0,402041044.0,401011001.0,108514309.2,1297720751.0,128437596.7,121658555.4,1656331212.0,0.065514861,0.783491092,0.077543426,0.073450621,0.759789811,1.066982185,66.22878814,402041044,402041046,402041048,402041046,402041171,402041044,402041046,401011001,402041171,402041046,402041044.0,402041171.0,402041046.0,402041171.0,402041044.0
402041044,South Australia,4,Paralowie,17058,33.4,8520,33.0,8538,33.7,0.22,0.698,0.083,8135,38,0.35,40196,41256,335613998,0.125,0.133,0.365,0.207,0.039,0.304,0.22699999999999998,0.009911938,3,3.436551397,121,94,0.125581395,4.472167488,402031037.0,402031036.0,402041047.0,404031107.0,402041048.0,160506498.3,105696226.9,1699170862.0,46501621.59,2011875209.0,0.07977955,0.052536174,0.844570704,0.023113572,0.586253738,1.189141409,75.756029,402041048,402041043,402041046,402041046,402041048,402041043,402041046,402021030,401011001,402041048,402041043.0,402021032.0,402041046.0,402041048.0,402041171.0
402041046,South Australia,4,Salisbury,18029,36.5,9062,35.7,8967,37.5,0.193,0.638,0.168,7164,40,0.38,36760,38246,273997169,0.11,0.14300000000000002,0.32,0.254,0.043,0.315,0.243,0.01047616,1,3.327443891,159,106,0.2,4.462387552,402031037.0,402011026.0,402031036.0,402041047.0,402041044.0,2029664867.0,462203044.7,587067471.7,132357850.1,3211293233.0,0.632039717,0.143930501,0.182813412,0.04121637,1.011068751,0.764079434,42.60529596,402041047,402041043,402041044,402021030,402041047,402041043,402041047,402021030,402041042,402051053,402021031.0,402041044.0,402041047.0,402041048.0,402051052.0
402041047,South Australia,4,Salisbury East,17811,39.5,8870,38.3,8941,40.7,0.185,0.64,0.174,9350,42,0.4,39709,43608,407734371,0.16699999999999998,0.162,0.315,0.22899999999999998,0.055999999999999994,0.289,0.262,0.010349486,3,3.511655236,143,114,0.112840467,4.459786923,402031037.0,402031036.0,402041044.0,402051053.0,402051054.0,316345522.7,112310461.5,1563208234.0,111850293.6,2103714512.0,0.15037474,0.053386741,0.743070519,0.053168,0.818013387,0.986141038,59.92395862,402041046,402041041,402051053,402041046,402041041,402021030,402021030,404031108,402041172,402041046,402041041.0,402051054.0,402051049.0,402041171.0,402051050.0
402041048,South Australia,4,Salisbury North,17623,32.4,8812,32.0,8811,32.8,0.231,0.665,0.10300000000000001,7149,36,0.35,39475,40318,288230138,0.11699999999999999,0.127,0.361,0.218,0.035,0.304,0.221,0.010240245,3,3.322128246,115,96,0.090047393,4.388300298,402011026.0,402031036.0,402041044.0,402041047.0,402031037.0,176886091.9,164165837.6,1862465003.0,106998937.8,2310515870.0,0.076556969,0.071051595,0.806081891,0.046309545,0.700663999,1.112163783,69.75251687,402041044,402041046,402021029,402041046,402041044,402021030,402041046,402041044,402021030,402041046,402011027.0,402041044.0,404031108.0,402051052.0,402041171.0
402041171,South Australia,4,Mawson Lakes - Globe Derby Park,13888,31.4,7125,31.1,6763,31.8,0.198,0.737,0.065,6332,35,0.4,47138,52443,332068294,0.27,0.163,0.307,0.192,0.053,0.23,0.264,0.008069938,4,3.409317793,212,162,0.13368984,4.528739023,402031037.0,402031036.0,401011001.0,402041044.0,402031038.0,62821260.39,530250256.6,170181434.4,1048317689.0,1811570640.0,0.034677787,0.292701949,0.093941374,0.578678891,1.014909524,0.742761679,40.94271674,402041043,402041044,402041041,401011001,402031036,402041172,404031108,401011001,402051052,402041043,402041041.0,402041172.0,402041172.0,402051052.0,404031108.0
402041172,South Australia,4,Pooraka - Cavan,7908,37.2,3930,35.6,3978,39.3,0.18,0.6629999999999999,0.157,3795,40,0.39,38199,41669,158134485,0.157,0.149,0.312,0.24100000000000002,0.046,0.29,0.25,0.004595123,2,3.192605159,147,97,0.204918033,4.476875901,402031036.0,402031037.0,401011001.0,402031038.0,404031108.0,44557114.57,897108437.2,134118043.9,166982197.4,1242765793.0,0.035853187,0.721864443,0.107919002,0.134363368,0.864562778,0.943728886,56.61621998,402041040,402041171,402041041,402041040,402041171,402031036,401061021,402041171,402041040,402041041,402041047.0,402041171.0,402051052.0,402051053.0,404031107.0
402051049,South Australia,4,Golden Grove,10526,41.3,5017,39.8,5509,42.4,0.179,0.652,0.16899999999999998,5655,44,0.43,43768,50903,287857494,0.266,0.171,0.272,0.22699999999999998,0.053,0.235,0.27899999999999997,0.006116371,4,3.36445989,75,72,0.020408163,4.505942504,402031037.0,402051053.0,402051054.0,401011001.0,402011026.0,30467635.04,54283703.75,92581324.03,1214754246.0,1392086909.0,0.021886302,0.038994479,0.06650542,0.872613799,0.509323643,1.245227598,80.13021066,402051053,402051054,402041047,402051053,402051052,402051054,402051052,402051055,404031104,402051053,402051055.0,402051050.0,402051055.0,402051052.0,402051053.0
402051050,South Australia,4,Greenwith,9118,38.5,4455,37.1,4663,40.0,0.21,0.684,0.106,5303,41,0.39,46582,51015,270533049,0.267,0.152,0.3,0.18899999999999997,0.047,0.244,0.251,0.005298221,4,3.379454056,62,39,0.227722772,4.486934941,402031037.0,402051053.0,401011001.0,402051054.0,402051052.0,13296207.85,20979356.38,39549846.47,873169025.0,946994435.7,0.014040429,0.022153622,0.041763547,0.922042403,0.351760235,1.344084806,87.8401191,402051049,402051054,402051053,402051049,402051052,402051053,402051055,402051049,401011001,402041047,402051049.0,402051053.0,402051053.0,402051054.0,
402051051,South Australia,4,Highbury - Dernancourt,10743,41.5,5420,40.5,5323,42.6,0.179,0.631,0.19,6391,46,0.44,42250,49920,319040047,0.252,0.184,0.264,0.242,0.064,0.242,0.29100000000000004,0.006242464,4,3.330154862,79,80,-0.006289308,4.499319908,401041016.0,402031037.0,401041015.0,402031036.0,401011001.0,11842282.64,302327011.7,248970414.8,744000753.3,1307140462.0,0.009059686,0.231288848,0.190469519,0.569181947,1.017857238,0.638363894,32.80069669,401041015,402051052,401041014,402051052,401041015,401011001,402031038,402051055,401051017,402051052,401041015.0,401041014.0,402051052.0,402051055.0,402051054.0
402051052,South Australia,4,Hope Valley - Modbury,16720,41.2,8050,39.6,8670,43.3,0.16,0.602,0.23800000000000002,8315,42,0.4,38292,40858,339735908,0.153,0.146,0.307,0.25,0.043,0.29,0.249,0.009715536,2,3.45695562,192,126,0.20754717,4.527046472,402031037.0,401041016.0,401041015.0,402031038.0,401031011.0,86339604.78,1554046033.0,634235861.9,499396350.4,2774017850.0,0.031124387,0.560214864,0.228634384,0.180026365,1.078664874,0.620429728,31.4020048,402031037,402051053,402051054,402031037,401011001,402051055,401041015,401051017,402051049,402041041,402031036.0,402051049.0,402051055.0,402051053.0,402051054.0
402051053,South Australia,4,Modbury Heights,19211,40.3,9379,39.5,9832,41.1,0.18100000000000002,0.659,0.161,11626,43,0.39,42827,47343,550405142,0.21600000000000003,0.156,0.313,0.209,0.05,0.263,0.258,0.011162988,4,3.472134269,119,113,0.025862069,4.527287057,402031037.0,402051054.0,402031038.0,402031036.0,402051052.0,34956255.38,147405676.5,194164958.5,1723508404.0,2100035295.0,0.016645556,0.070192,0.09245795,0.820704494,0.636947539,1.141408988,72.03336075,402051054,402051055,402051052,402051052,402051049,402051054,402041046,402051049,402031038,402051054,402041041.0,402051052.0,402051054.0,402051055.0,
402051054,South Australia,4,Redwood Park,16259,39.1,8239,38.5,8020,39.8,0.19,0.648,0.162,9822,42,0.39,42649,46919,460843151,0.213,0.155,0.31,0.212,0.049,0.265,0.255,0.009447661,4,3.427551051,104,100,0.019607843,4.516058332,402031037.0,402051053.0,402031036.0,401041016.0,402051052.0,21094552.53,46761935.25,167641854.6,1570500850.0,1805999193.0,0.011680267,0.025892556,0.092824989,0.869602188,0.488730677,1.239204377,79.66045753,402051053,402051055,402051049,402051055,402051052,402051053,402051052,402051055,402051049,402051049,402051050.0,402051055.0,402051055.0,404021099.0,404021100.0
402051055,South Australia,4,St Agnes - Ridgehaven,12617,42.9,6141,41.2,6476,44.6,0.162,0.617,0.222,6995,43,0.4,40779,45488,318185830,0.20600000000000002,0.156,0.294,0.233,0.047,0.267,0.26,0.007331394,3,3.288719148,88,96,-0.043478261,4.495748518,402031037.0,402031036.0,401041016.0,402051053.0,402031038.0,28167662.26,142799974.6,1202349757.0,326435290.2,1699752684.0,0.016571624,0.084012207,0.707367471,0.192048698,0.837801279,0.914734942,54.35497202,402051054,402051053,402051052,402051052,402051053,402051054,402051049,402051052,402051054,402051050,402051051.0,402041041.0,405011110.0,407031164.0,
403011056,South Australia,4,Brighton (SA),14254,47.5,6802,46.0,7452,49.1,0.146,0.603,0.251,8318,49,0.5,42638,56149,467044763,0.282,0.239,0.23800000000000002,0.247,0.10099999999999999,0.233,0.35,0.008282611,4,3.347139346,128,107,0.089361702,4.466453701,404031107.0,403011057.0,401011001.0,401071023.0,403021059.0,38898131.74,154744181.0,336405342.3,1419084786.0,1949132441.0,0.019956639,0.079391312,0.172592347,0.728059703,0.813521525,0.956119406,57.58256097,403011057,403021064,403021060,403021064,403011057,403021060,403021061,404031107,404031108,403021061,403021060.0,403021064.0,403021061.0,404031107.0,403011057.0
403011057,South Australia,4,Glenelg (SA),20696,45.6,9966,44.2,10730,46.9,0.126,0.644,0.22899999999999998,12647,46,0.5,44617,60575,766092942,0.292,0.254,0.247,0.228,0.10800000000000001,0.233,0.366,0.012025881,4,3.331946923,298,275,0.040139616,4.539952252,404031107.0,404031108.0,401071023.0,401011001.0,403021064.0,95037237.41,246130905.6,599545141.1,2403434014.0,3344147298.0,0.028418975,0.073600498,0.179281918,0.71869861,0.838767337,0.93739722,56.12241106,404031107,403021062,403011056,403021064,401011001,404031107,403021064,401011001,401071024,403021062,403021064.0,404031109.0,403021064.0,403021062.0,404031107.0
403021058,South Australia,4,Edwardstown,14029,36.6,6886,35.7,7143,37.7,0.153,0.696,0.15,7000,39,0.4,40392,44901,314307293,0.205,0.153,0.29,0.239,0.045,0.267,0.258,0.008151869,3,3.426394157,171,125,0.155405405,4.542637569,404031107.0,403011057.0,401071023.0,401011001.0,401071024.0,41202786.25,199616401.0,1223447360.0,377445124.8,1841711672.0,0.022372007,0.108386347,0.664299075,0.204942571,0.922405291,0.82859815,47.6371333,404031107,403031068,403021062,403021062,403031068,401011001,403021061,401011001,401071024,403031069,401071023.0,403021061.0,403021061.0,403031069.0,403021062.0
403021059,South Australia,4,Hallett Cove,12749,41.6,6320,41.0,6429,42.3,0.175,0.677,0.149,7742,45,0.42,41829,47139,364952555,0.23399999999999999,0.161,0.27699999999999997,0.233,0.05,0.256,0.265,0.007408096,3,3.450988266,99,101,-0.01,4.531962849,404031107.0,403011057.0,401011001.0,403011056.0,403041087.0,24795456.24,54772869.67,1018635923.0,56847354.56,1155051604.0,0.021466968,0.047420279,0.881896462,0.04921629,0.48608389,1.263792925,81.57812704,403021063,403041080,403041086,403021063,403021064,401011001,403021063,403021064,403041074,403021063,403021060.0,403041080.0,403021063.0,403021064.0,403041086.0
403021060,South Australia,4,Marino - Seaview Downs,9603,42.4,4721,41.7,4882,43.1,0.175,0.624,0.201,5696,46,0.45,41272,48842,278201384,0.244,0.182,0.263,0.251,0.06,0.242,0.29100000000000004,0.005580041,3,3.223016895,83,69,0.092105263,4.431852572,404031107.0,403011057.0,401011001.0,401071024.0,404031108.0,17502291.9,167274225.9,620298931.5,264095724.1,1069171173.0,0.016369962,0.156452241,0.580168028,0.247009769,1.018803687,0.660336057,34.5143134,403011056,403021064,403021059,403021064,403011056,403011057,403021061,404031107,403021064,403011056,403021064.0,403021059.0,403021061.0,403021064.0,404031107.0
403021061,South Australia,4,Mitchell Park,15529,37.5,7324,36.9,8205,38.2,0.14800000000000002,0.653,0.19899999999999998,7211,41,0.43,37780,42062,303310855,0.177,0.165,0.28300000000000003,0.278,0.054000000000000006,0.262,0.272,0.009023478,2,3.27451223,159,99,0.23255814,4.473557355,404031107.0,403011057.0,401011001.0,401071023.0,401071024.0,71950532.93,1621021469.0,279478521.1,252563539.8,2225014063.0,0.032337114,0.72854437,0.12560753,0.113510986,0.84926904,0.95708874,57.6581597,403021064,403021058,403021062,403021064,403021058,401011001,403021064,403021058,404031107,403041077,403021058.0,403041071.0,404031107.0,403041077.0,403021064.0
403021062,South Australia,4,Morphettville,15169,39.8,7238,37.2,7931,42.3,0.154,0.6459999999999999,0.2,7309,42,0.43,41508,47444,346771673,0.22699999999999998,0.172,0.284,0.242,0.06,0.247,0.27699999999999997,0.008814292,3,3.450900385,145,93,0.218487395,4.534262885,404031107.0,403011057.0,401011001.0,401071023.0,404031108.0,34240704.91,238193896.9,1549232218.0,155123172.4,1976789992.0,0.017321367,0.120495297,0.783711079,0.078472257,0.715952433,1.067422158,66.26310181,403011057,403021058,404031107,403021064,403011057,403021058,403011057,401011001,403021061,403021058,403011057.0,403021060.0,404031107.0,403021064.0,403031068.0
403021063,South Australia,4,Sheidow Park - Trott Park,10393,35.4,5130,34.8,5263,35.9,0.21600000000000003,0.6890000000000001,0.094,5894,39,0.36,43063,45885,270447699,0.204,0.136,0.332,0.196,0.037000000000000005,0.268,0.235,0.006039089,4,3.322007287,74,44,0.254237288,4.494477866,404031107.0,403011057.0,401011001.0,403041089.0,404031108.0,22212008.12,122857668.1,336877397.5,776582646.7,1258529720.0,0.017649172,0.097619997,0.267675361,0.617055469,0.94908369,0.76946166,43.02505766,403021059,403041080,403041086,403021064,403021059,403041086,403041086,403041084,404031107,403021059,403041080.0,403021060.0,403041080.0,403041086.0,403041084.0
403021064,South Australia,4,Warradale,15428,38.7,7168,37.0,8260,40.4,0.155,0.649,0.196,7060,43,0.41,39317,43735,308769979,0.19699999999999998,0.157,0.28600000000000003,0.253,0.048,0.264,0.262,0.00896479,2,3.367885976,116,103,0.059360731,4.524361667,404031107.0,403011057.0,401011001.0,404031108.0,403031069.0,67317560.35,1718166549.0,366220074.5,385761462.8,2537465647.0,0.026529447,0.677119137,0.144325136,0.15202628,0.926043251,0.854238274,49.63681563,403011057,403011056,403021061,403021061,403011056,403011057,404031107,403011057,403021058,403011057,403041080.0,403021060.0,404031107.0,403031068.0,403041071.0
403031065,South Australia,4,Belair,4682,46.2,2304,44.3,2378,47.8,0.157,0.62,0.223,2925,50,0.49,46070,60599,177251539,0.315,0.223,0.24100000000000002,0.237,0.078,0.20600000000000002,0.33899999999999997,0.002720582,4,2.814271274,41,40,0.012345679,4.360452463,404031107.0,401071024.0,401011001.0,401071023.0,403011057.0,5915044.116,19789899.17,14024003.47,430509015.8,470237962.6,0.012578832,0.042084861,0.029823206,0.915513102,0.373935326,1.331026204,86.82167416,403031067,401021004,403031069,403031067,403031069,401011001,401071024,403031067,403021061,403031067,403031066.0,403041076.0,403031067.0,403031069.0,403041076.0
403031066,South Australia,4,Bellevue Heights,7599,39.2,3610,39.8,3989,38.5,0.152,0.638,0.21,4194,46,0.49,37089,48603,203839867,0.254,0.203,0.21,0.297,0.07,0.24,0.32,0.004415572,2,3.008334883,55,55,0.0,4.405964061,404031107.0,403041080.0,401011001.0,401071024.0,403031069.0,65840827.18,819065757.0,170688755.7,278554614.0,1334149954.0,0.049350395,0.613923311,0.127938209,0.208788085,1.03813069,0.727846622,39.77948617,403021061,403031067,403041077,403021061,403021064,403031067,403021061,403031068,403011057,403031067,403041077.0,403021064.0,403031067.0,403031068.0,403041077.0
403031067,South Australia,4,Blackwood,12430,42.3,6103,41.5,6327,43.1,0.19399999999999998,0.619,0.188,7101,47,0.44,44910,53180,377632831,0.298,0.179,0.24,0.23399999999999999,0.057999999999999996,0.228,0.28600000000000003,0.007222734,4,3.216149762,93,106,-0.065326633,4.496321654,404031107.0,401021004.0,403011057.0,401071024.0,401011001.0,31809142.52,105317009.8,43090041.36,1223608104.0,1403824298.0,0.02265892,0.075021504,0.030694754,0.871624822,0.506806262,1.243249645,79.97594938,403041077,403031066,403041071,401011001,403031065,403021064,404031107,403021061,403031069,403041080,403031065.0,403041076.0,403031069.0,403041076.0,404031107.0
403031068,South Australia,4,Colonel Light Gardens,15984,38.9,7674,37.5,8310,40.1,0.19699999999999998,0.647,0.157,8986,42,0.45,45082,54486,489613348,0.294,0.188,0.252,0.225,0.063,0.228,0.298,0.009287866,4,3.291142234,161,136,0.084175084,4.537433603,404031107.0,403011057.0,401071024.0,401071023.0,401011001.0,44822870.15,291914709.9,174588596.4,1558461334.0,2069787511.0,0.021655783,0.141036077,0.084350976,0.752957164,0.78147812,1.005914328,61.46608448,401071023,403031069,403021058,401071023,401011001,403021058,401011001,404031107,403021061,404031108,403031070.0,403011056.0,404031108.0,404031107.0,403031069.0
403031069,South Australia,4,Mitcham (SA),16385,43.2,7860,42.1,8525,44.1,0.17300000000000001,0.63,0.19699999999999998,10088,48,0.54,46740,70298,709168468,0.349,0.278,0.2,0.237,0.113,0.213,0.39799999999999996,0.009520876,4,3.123893006,200,147,0.152737752,4.563249174,404031107.0,403011057.0,401071024.0,401071023.0,401011001.0,48887402.91,124213614.3,116421067.3,2133893468.0,2423415553.0,0.020172934,0.051255598,0.048040076,0.880531391,0.48888607,1.261062782,81.36520227,401071024,403031068,401071023,401011001,401071024,403031068,403021058,404031107,404031108,403031070,403031067.0,401031013.0,404031107.0,403031070.0,404031108.0
403031070,South Australia,4,Panorama,8407,40.6,4095,38.9,4312,42.5,0.16399999999999998,0.605,0.231,4468,45,0.47,37414,46054,205770719,0.20800000000000002,0.205,0.25,0.27399999999999997,0.078,0.26899999999999996,0.314,0.004885078,2,3.204704467,76,58,0.134328358,4.45326526,404031107.0,401011001.0,401071024.0,401071023.0,404031108.0,31801936.17,767043156.0,92595728.07,217801379.8,1109242200.0,0.028669966,0.691501961,0.083476565,0.196351509,0.883839357,0.883003921,51.88025856,403031068,403021061,403031069,403031068,403021061,403021058,403021058,403031069,401071024,403031066,403031068.0,403041087.0,404031107.0,404031108.0,403041087.0
403041071,South Australia,4,Aberfoyle Park,11835,40.2,5778,38.3,6057,42.2,0.182,0.67,0.14800000000000002,7115,44,0.41,42183,47691,339320321,0.23,0.16,0.289,0.223,0.047,0.258,0.264,0.006876996,4,3.334164411,78,73,0.033112583,4.469235179,404031107.0,403011057.0,403041087.0,401011001.0,401071024.0,22839006.02,55601582.45,108701291.6,955039000.4,1142180880.0,0.019995962,0.04868019,0.095169945,0.836153902,0.598835679,1.172307805,74.44317031,403041077,403041080,403041089,403041077,403041081,403021064,403021061,403041084,403041080,403041080,403041089.0,403041077.0,403041080.0,403041084.0,403041077.0
403041072,South Australia,4,Aldinga,15808,37.3,7716,36.5,8092,37.9,0.222,0.63,0.14800000000000002,7017,40,0.4,37346,40824,286462567,0.145,0.159,0.303,0.262,0.053,0.29,0.261,0.009185598,2,3.42280853,114,96,0.085714286,4.440224021,403041087.0,403011057.0,401011001.0,403041089.0,401041016.0,119516648.6,2057811523.0,73790837.74,55436431.38,2306555441.0,0.051816075,0.892157841,0.03199179,0.024034294,0.454915519,1.284315683,83.17870416,403041087,403041088,403041083,403041087,403041073,403041083,403041087,403041074,403041073,403041083,407011149.0,407011147.0,403041087.0,403041083.0,403041074.0
403041073,South Australia,4,Christie Downs,9558,37.8,4631,37.3,4927,38.4,0.193,0.627,0.179,3802,39,0.37,37449,38532,146499016,0.11199999999999999,0.134,0.33899999999999997,0.249,0.037000000000000005,0.3,0.233,0.005553893,2,3.297238148,51,38,0.146067416,4.442651202,403041087.0,401011001.0,404031107.0,403041084.0,403041074.0,274733378.3,1460147326.0,227068104.8,76867296.59,2038816105.0,0.134751426,0.716174118,0.111372529,0.037701927,0.877204569,0.932348236,55.72863903,403041087,403041084,403041072,403041074,403041079,403041085,403041087,403041084,403041074,403041079,403041085.0,403041080.0,403041087.0,403041084.0,403041074.0
403041074,South Australia,4,Christies Beach,10383,42.0,5210,41.1,5173,42.9,0.16899999999999998,0.627,0.204,4911,43,0.41,37083,40743,200088336,0.153,0.154,0.29100000000000004,0.253,0.046,0.302,0.259,0.006033278,2,3.24093037,83,61,0.152777778,4.438486275,403041087.0,401011001.0,403011057.0,404031108.0,403041084.0,40536894.93,1239305236.0,89251814.13,32830753.05,1401924698.0,0.028915173,0.884002713,0.063663772,0.023418343,0.474707839,1.268005425,81.90666143,403041087,403041073,403041084,403041073,403041087,403041085,403041087,403041084,403041073,403041073,403041072.0,403021059.0,403041084.0,403041087.0,403041085.0
403041075,South Australia,4,Clarendon,2750,47.3,1374,47.7,1376,46.8,0.16899999999999998,0.64,0.191,1656,49,0.52,39470,53507,88607891,0.262,0.243,0.226,0.267,0.08900000000000001,0.244,0.358,0.00159795,2,2.700153462,28,30,-0.034482759,4.388310349,401021007.0,401011001.0,401021004.0,401071024.0,404031107.0,19676794.62,185280576.8,22081046.15,35079678.23,262118095.8,0.075068433,0.706859159,0.084240831,0.133831577,0.917181783,0.913718318,54.27568521,403041080,401021004,403041071,403041071,401021005,401021008,403041071,403031067,403021064,403041089,403041086.0,403041077.0,403041077.0,403041089.0,403041086.0
403041076,South Australia,4,Coromandel Valley,4433,39.9,2293,38.8,2140,41.0,0.209,0.643,0.14800000000000002,2808,45,0.43,44830,52748,148115170,0.29,0.174,0.259,0.21899999999999997,0.054000000000000006,0.231,0.278,0.002575895,4,2.677286522,35,22,0.228070175,4.454331518,401011001.0,401071024.0,401021004.0,404031108.0,404031107.0,6778222.892,17778999.21,12188959.56,538158275.5,574904457.2,0.011790173,0.030925137,0.021201713,0.936082977,0.303389498,1.372165953,90.03017768,403031067,403041077,403041071,403031067,401011001,403021064,401011001,403031068,403031067,403031066,403031067.0,403041077.0,403041077.0,404031107.0,403041080.0
403041077,South Australia,4,Flagstaff Hill,10766,41.9,5440,41.0,5326,42.4,0.177,0.653,0.17,6573,45,0.44,42699,51411,337921711,0.264,0.18600000000000003,0.258,0.239,0.064,0.239,0.295,0.006255829,4,3.304577018,81,65,0.109589041,4.480157297,404031107.0,403011057.0,401071024.0,401011001.0,401071023.0,14855249.68,98867557.84,66755032.49,692063911.1,872541751.1,0.017025259,0.11330983,0.076506405,0.793158505,0.696542626,1.086317011,67.73671799,403041071,403041080,403021061,403021064,403041071,403041081,403021061,404031107,403041080,403041071,403041080.0,403031066.0,403041080.0,404031107.0,403041084.0
403041078,South Australia,4,Hackham - Onkaparinga Hills,6320,41.1,3123,40.8,3197,41.4,0.18100000000000002,0.643,0.17600000000000002,3430,42,0.4,38762,42725,146545711,0.161,0.16,0.313,0.23199999999999998,0.054000000000000006,0.295,0.261,0.00367238,2,3.10349318,32,61,-0.311827957,4.395838287,403041087.0,404031107.0,401011001.0,403041084.0,403011057.0,91938204.01,551116292.6,34295751.28,7954205.351,685304453.3,0.134156729,0.804191903,0.050044548,0.01160682,0.64633161,1.108383807,69.45771519,403041087,403041084,403041079,403041073,403041084,403041079,403041073,401011001,403041087,403041073,403041089.0,403041074.0,403041085.0,403041087.0,403041086.0
403041079,South Australia,4,Hackham West - Huntfield Heights,7667,37.4,3760,36.2,3907,38.9,0.192,0.6509999999999999,0.157,3313,39,0.37,35878,36857,122108128,0.095,0.133,0.322,0.262,0.038,0.321,0.231,0.004455085,1,3.045061231,35,21,0.25,4.41187273,403041087.0,401011001.0,403041084.0,403041072.0,404031107.0,759962406.2,390842754.0,40917188.49,20330217.02,1212052566.0,0.627004494,0.322463534,0.033758592,0.016773379,0.840600311,0.898936057,53.12281148,403041087,403041073,403041084,403041073,403041078,403041084,403041084,403041073,403041087,403041078,403041087.0,403041084.0,403041084.0,403041087.0,403041085.0
403041080,South Australia,4,Happy Valley,13840,40.6,6749,40.2,7091,41.1,0.183,0.63,0.187,8576,43,0.4,41253,45383,389202348,0.21,0.153,0.297,0.22899999999999998,0.048,0.264,0.255,0.008042046,3,3.465549877,95,81,0.079545455,4.469131879,404031107.0,403011057.0,403041087.0,401011001.0,401071023.0,16470993.72,90071365.34,918327085.6,216554034.7,1241423479.0,0.013267828,0.072554907,0.739737165,0.174440099,0.775294583,0.979474331,59.40401977,403041071,403041089,403021063,403041081,403021064,403041086,403021061,403041071,403021064,403041071,403041077.0,403021063.0,403041084.0,404031107.0,403041086.0
403041083,South Australia,4,McLaren Vale,6151,46.5,3012,45.2,3139,47.5,0.174,0.59,0.23600000000000002,3374,47,0.47,36411,44034,148571013,0.204,0.191,0.243,0.27899999999999997,0.064,0.27399999999999997,0.303,0.003574178,1,3.229207997,94,92,0.010752688,4.45488977,403041087.0,401011001.0,403041072.0,401021005.0,404031107.0,810355397.5,99875100.75,212624851.2,40742094.03,1163597444.0,0.696422463,0.085833036,0.182730593,0.035013908,0.89067698,0.892844926,52.64776199,403041087,403041072,403041088,403041087,403041073,403041088,403041087,401011001,403041073,403041088,403041087.0,403041072.0,403041087.0,403041088.0,403041084.0
403041084,South Australia,4,Morphett Vale - East,13752,39.4,6727,37.7,7025,41.0,0.174,0.643,0.184,7280,41,0.37,39043,40789,296942749,0.135,0.138,0.336,0.223,0.039,0.306,0.235,0.007990912,2,3.339389404,78,75,0.019607843,4.441473838,403041087.0,404031107.0,403011057.0,401011001.0,403021059.0,52003779.64,1447230589.0,242935755.9,53624160.04,1795794284.0,0.028958651,0.805899986,0.135280393,0.02986097,0.651941538,1.111799972,69.72414314,403041089,403041087,403041085,403041085,403041073,403041086,403041086,403041087,404031108,403041071,403041079.0,403041087.0,403041087.0,403041086.0,403041085.0
403041085,South Australia,4,Morphett Vale - West,9662,39.5,4771,37.5,4891,41.1,0.187,0.62,0.193,4589,41,0.37,37737,38681,177506219,0.11199999999999999,0.13699999999999998,0.32899999999999996,0.23399999999999999,0.04,0.324,0.235,0.005614325,2,3.228672313,52,44,0.083333333,4.403587425,403041087.0,401011001.0,403011056.0,404031108.0,403041084.0,46711481.28,1066775147.0,58815854.88,35914569.88,1208217053.0,0.038661498,0.882933364,0.048679875,0.029725263,0.487333762,1.265866728,81.73986366,403041084,403041087,403041086,403041073,403041084,403041082,403041086,403041073,403041074,403041080,403041073.0,403021063.0,403041086.0,403041087.0,403041089.0
403041086,South Australia,4,Reynella,10246,38.8,5116,37.0,5130,40.7,0.175,0.64,0.184,5551,41,0.38,39405,41223,228831316,0.14300000000000002,0.142,0.337,0.23,0.043,0.29,0.24100000000000002,0.005953671,2,3.445057545,61,48,0.119266055,4.41575041,404031107.0,403011057.0,401011001.0,403041087.0,404031108.0,35687186.81,891112040.1,285774773.5,96676896.9,1309250897.0,0.027257714,0.680627405,0.218273498,0.073841383,0.884690657,0.861254809,50.18403766,403041089,403041084,403041080,403041084,403021063,403041085,401011001,403041084,403041073,403041085,403041084.0,403021063.0,403041087.0,403041089.0,404031107.0
403041087,South Australia,4,Seaford (SA),23418,36.4,11448,35.1,11970,37.5,0.207,0.6459999999999999,0.14800000000000002,10125,41,0.4,39554,43391,439335157,0.175,0.157,0.309,0.23,0.051,0.28600000000000003,0.258,0.013607561,3,3.471644215,153,126,0.096774194,4.523460942,403041072.0,403011057.0,404031107.0,403041080.0,403041084.0,166547632.0,254661871.2,2644338279.0,66292723.45,3131840505.0,0.053178836,0.081313806,0.844340021,0.021167337,0.584552497,1.188680042,75.72004689,403041072,403041074,403041084,403041073,403041083,403041074,403041084,403041083,403021061,403041073,403041072.0,403041074.0,403041088.0,407011148.0,407011149.0
403041088,South Australia,4,Willunga,3504,44.8,1750,44.8,1754,44.8,0.17600000000000002,0.64,0.183,2094,48,0.49,33694,41378,86645024,0.195,0.19,0.225,0.314,0.06,0.266,0.306,0.002036079,1,2.672317696,44,46,-0.022222222,4.408198166,401011001.0,403041087.0,403041072.0,407011148.0,404031107.0,424633054.1,81198690.29,21032662.71,10670944.68,537535351.8,0.789963028,0.151057396,0.039127962,0.019851615,0.67638011,1.079926056,67.23828519,403041072,403041087,403041083,403041083,403041072,403041087,403041083,403041087,403041072,403041072,403041087.0,403041083.0,407011147.0,407011148.0,407011149.0
403041089,South Australia,4,Woodcroft,11600,38.7,5616,36.9,5984,40.1,0.193,0.652,0.155,6414,42,0.39,40963,44636,286294211,0.192,0.149,0.31,0.228,0.046,0.27,0.252,0.006740444,3,3.381169685,64,54,0.084745763,4.444357912,404031107.0,403041087.0,403011057.0,401011001.0,403021063.0,22760224.06,193129704.3,804590445.0,27178861.34,1047659235.0,0.021724835,0.18434401,0.767988692,0.025942463,0.692380174,1.035977383,63.81071275,403041080,403041084,403041086,403041086,403041084,403041073,403041084,403041073,404031107,403041080,403041084.0,403041087.0,,,
404011090,South Australia,4,Beverley,8067,37.3,4037,36.5,4030,38.3,0.188,0.672,0.139,3823,41,0.39,42133,45777,175004405,0.18899999999999997,0.159,0.326,0.217,0.057999999999999996,0.268,0.258,0.004687514,4,3.410415861,112,58,0.317647059,4.469945679,404031107.0,404011096.0,404031108.0,401011001.0,404011095.0,41067660.26,353580712.7,185468535.0,663514900.4,1243631808.0,0.033022362,0.284313018,0.149134602,0.533530017,1.089173734,0.635686071,32.59185234,404011091,404011095,404011097,404011097,404011091,404011093,404011097,404011093,404011092,404011097,404011095.0,404011096.0,404011097.0,404011093.0,404011096.0
404011091,South Australia,4,Flinders Park,14925,40.8,7273,38.9,7652,42.7,0.158,0.638,0.203,7290,42,0.44,37434,43353,316045615,0.18600000000000003,0.17800000000000002,0.267,0.265,0.064,0.282,0.285,0.00867251,2,3.435856024,221,172,0.124681934,4.543375198,404031107.0,404031108.0,403011057.0,404011093.0,402031036.0,39120105.25,1660561885.0,201408923.7,183124244.9,2084215159.0,0.018769706,0.796732467,0.09663538,0.087862447,0.695164253,1.093464934,68.29418704,404011095,404011092,404031106,404011090,401011001,404011092,404011097,404031108,404011093,404011097,404011092.0,404011096.0,404011097.0,404011093.0,404031108.0
404011092,South Australia,4,Henley Beach,15413,43.0,7698,42.0,7715,44.0,0.16399999999999998,0.6459999999999999,0.19,8324,44,0.47,41932,52999,441164590,0.263,0.213,0.253,0.242,0.08199999999999999,0.242,0.322,0.008956074,3,3.378220604,154,137,0.058419244,4.555261516,404031107.0,404031108.0,403011057.0,401011001.0,404011093.0,28850889.85,276894229.9,1612110916.0,118142536.6,2035998572.0,0.014170388,0.135999226,0.791803559,0.058026827,0.681684398,1.083607118,67.52537254,404011095,404011091,404031106,404011095,401011001,404011096,404011096,401011001,404031108,404031106,404031109.0,404011090.0,404011096.0,404031107.0,404031106.0
404011093,South Australia,4,Hindmarsh - Brompton,18433,36.4,9190,35.6,9243,37.4,0.149,0.708,0.14300000000000002,8730,39,0.41,41700,47065,410875557,0.22899999999999998,0.16,0.28300000000000003,0.226,0.049,0.262,0.263,0.010710913,3,3.399570023,249,201,0.106666667,4.602640587,404031107.0,404031108.0,401011001.0,403011057.0,401071024.0,185205388.2,241203077.4,1772783213.0,341957896.0,2541149575.0,0.072882521,0.094918882,0.697630407,0.134568189,0.93547525,0.895260815,52.83617802,404021102,404011097,404011091,401011001,401011002,404011097,404031108,404011097,401011001,401011002,404011091.0,404021102.0,404011097.0,404031107.0,404021101.0
404011094,South Australia,4,Royal Park - Hendon - Albert Park,6022,39.1,2922,37.9,3100,40.5,0.163,0.672,0.165,2758,39,0.37,40464,43440,119806790,0.16899999999999998,0.141,0.327,0.215,0.04,0.29,0.24100000000000002,0.00349922,3,3.209294654,66,53,0.109243697,4.447275683,401011001.0,404031108.0,404011097.0,404011095.0,404011096.0,16604753.49,192177934.5,541918795.3,167313251.1,918014734.4,0.018087676,0.209340795,0.59031601,0.182255518,1.021358499,0.68063202,36.09720277,404011095,404011096,404011097,404011097,404011096,404021101,404011097,404011096,404011091,404011096,404011095.0,404021101.0,404011096.0,404011095.0,404011097.0
404011095,South Australia,4,Seaton - Grange,16900,43.0,8114,40.8,8786,44.8,0.156,0.626,0.218,8430,43,0.44,39245,46669,393420496,0.20800000000000002,0.188,0.272,0.252,0.067,0.268,0.295,0.009820129,2,3.426039365,140,116,0.09375,4.517138896,404031107.0,404031108.0,404011093.0,404011097.0,401011001.0,33436641.38,1621216499.0,298151178.4,168303743.1,2121108062.0,0.015763761,0.764325273,0.14056388,0.079347086,0.747700611,1.028650547,63.23929016,404011092,404011096,404011091,404011096,404011092,404011091,404021099,401011001,404031108,404011096,404011092.0,404011094.0,404011096.0,404021099.0,404031108.0
404011096,South Australia,4,West Lakes,14899,48.9,7161,47.0,7738,50.7,0.139,0.5870000000000001,0.275,8778,50,0.5,42022,56450,495514329,0.263,0.25,0.251,0.237,0.10800000000000001,0.25,0.36,0.008657402,4,3.370249866,140,123,0.064638783,4.470341059,404031107.0,404031108.0,404011093.0,403011057.0,404011097.0,49395919.35,170877470.3,201071520.3,1771201348.0,2192546258.0,0.02252902,0.077935628,0.091706854,0.807828497,0.675830446,1.115656994,70.02495362,404011095,404021099,404021100,404021101,404021099,404011095,404021101,404011095,404011091,404021100,404011092.0,404021099.0,404021101.0,404021099.0,404021100.0
404011097,South Australia,4,Woodville - Cheltenham,18155,36.6,9069,35.8,9086,37.5,0.16899999999999998,0.691,0.139,7319,41,0.4,38922,42822,313417194,0.171,0.156,0.301,0.24,0.049,0.28800000000000003,0.259,0.010549375,2,3.497166172,242,160,0.2039801,4.543544894,404031107.0,404031108.0,401011001.0,402031036.0,404011093.0,450853441.2,1591959445.0,314851886.8,236911184.0,2594575957.0,0.173767679,0.61357211,0.121350036,0.091310175,1.078290315,0.72714422,39.72470562,404021102,404011093,404011095,404021101,404021102,401011001,404021101,404011091,401011001,404011091,404011090.0,404011093.0,404021101.0,404021102.0,404021099.0
404021099,South Australia,4,Largs Bay - Semaphore,14826,43.4,7147,42.2,7679,44.6,0.152,0.6809999999999999,0.16699999999999998,8052,42,0.4,44444,50839,409351645,0.256,0.168,0.29100000000000004,0.19899999999999998,0.055999999999999994,0.255,0.27,0.008614984,4,3.532596811,103,95,0.04040404,4.511351364,404031108.0,404011095.0,404011097.0,402031036.0,404021100.0,43103805.19,95888078.78,149630956.5,1917498050.0,2206120890.0,0.019538279,0.043464562,0.067825366,0.869171793,0.517563385,1.238343586,79.59332414,404021100,404011096,404021101,404021101,404011096,401011001,404021101,404011096,401011001,404021100,404011097.0,404011095.0,404021101.0,404021100.0,404031108.0
404021100,South Australia,4,North Haven,14584,43.9,7084,43.3,7500,44.7,0.156,0.65,0.19399999999999998,7596,44,0.41,42141,47864,363574190,0.221,0.16699999999999998,0.297,0.218,0.053,0.263,0.272,0.008474365,4,3.481877797,84,67,0.112582781,4.472838082,404031107.0,404031108.0,404011091.0,404011095.0,404011096.0,38046098.23,84467756.52,98910066.78,1866606774.0,2088030695.0,0.018221044,0.040453312,0.047370025,0.89395562,0.447415979,1.287911239,83.45912286,404021099,404011096,404021101,404021099,404021101,404011096,404021101,404011096,404021099,404021099,404011096.0,403031069.0,404021101.0,404021102.0,404031107.0
404021101,South Australia,4,Port Adelaide,10968,41.2,5562,39.9,5406,42.2,0.149,0.6859999999999999,0.165,5349,40,0.38,40510,43179,230963649,0.171,0.14400000000000002,0.326,0.223,0.043,0.28,0.243,0.006373206,3,3.409051308,127,114,0.053941909,4.464528351,404031108.0,401011001.0,402031036.0,404011095.0,404021102.0,88201388.65,530656971.0,1331282754.0,344251447.2,2294392561.0,0.038442152,0.231284297,0.580233207,0.150040343,1.06433245,0.660466414,34.52448006,404021099,404021100,404011097,404011097,404011096,404021099,404021102,404011097,401011001,404011096,404021099.0,404021100.0,404021102.0,404031108.0,404031107.0
404021102,South Australia,4,The Parks,18866,36.2,9374,35.4,9492,37.1,0.172,0.6779999999999999,0.149,7450,37,0.41,36131,39466,294024037,0.132,0.166,0.294,0.272,0.061,0.302,0.268,0.010962518,1,3.37668738,310,178,0.270491803,4.549194187,404031107.0,401011001.0,402031036.0,404031108.0,402031037.0,1940088864.0,592655296.8,410640189.0,358419817.5,3301804167.0,0.587584474,0.179494382,0.124368427,0.108552718,1.121031231,0.675168947,35.67113578,402031036,404011097,404011093,404011097,404011093,401011001,404011093,404011097,404011096,404021101,404011097.0,404021100.0,404031108.0,404031107.0,404031106.0
404031105,South Australia,4,Fulham,2762,45.8,1345,43.6,1417,46.9,0.16399999999999998,0.5920000000000001,0.243,1532,47,0.43,40410,46726,71583533,0.222,0.165,0.27399999999999997,0.25,0.048,0.253,0.27699999999999997,0.001604923,3,2.343393294,37,25,0.193548387,4.406581986,401011001.0,404031106.0,404011092.0,404031108.0,404031107.0,1851521.262,30852570.36,156521857.5,8533486.075,197759435.2,0.009362493,0.156010611,0.791476054,0.043150842,0.65429055,1.082952109,67.47428813,404011092,404031106,404031109,404011092,404031106,401011001,401011001,404011092,404031108,404031106,404011092.0,404031109.0,404031106.0,404031108.0,404031109.0
404031106,South Australia,4,Lockleys,12970,39.3,6436,37.7,6534,41.1,0.154,0.6629999999999999,0.183,7012,41,0.44,39451,47538,333337506,0.21899999999999997,0.188,0.266,0.24,0.064,0.275,0.295,0.007536513,2,3.421707922,197,113,0.270967742,4.549742719,404031107.0,404031108.0,403011057.0,404011093.0,401011001.0,23632651.31,1242096752.0,283988081.2,88325791.94,1638043277.0,0.014427367,0.758280791,0.173370316,0.053921525,0.732233924,1.016561583,62.29646762,404031108,404011091,404011092,404031108,401011001,404011091,401011001,404011092,404031108,404011091,404031108.0,404011092.0,404031108.0,404031107.0,404031109.0
404031107,South Australia,4,Plympton,24982,36.6,12203,35.7,12779,37.6,0.145,0.672,0.183,13183,39,0.43,39748,45372,598141504,0.198,0.177,0.29,0.25,0.063,0.263,0.282,0.014516359,3,3.428491435,393,268,0.189107413,4.592218829,403011057.0,404031108.0,401011001.0,401071023.0,401071024.0,82359167.95,210564831.8,2728058687.0,435426403.3,3456409090.0,0.023827957,0.060920113,0.789275406,0.125976524,0.707263349,1.078550812,67.1310294,403011057,401071023,404031108,401011001,404031108,403011057,404031108,403021061,403011057,403011056,403031068.0,401031013.0,404031108.0,404031109.0,407031165.0
404031108,South Australia,4,Richmond (SA),17000,35.9,8397,35.4,8603,36.6,0.14,0.7170000000000001,0.142,8430,38,0.42,40628,46804,394553892,0.209,0.177,0.289,0.226,0.063,0.276,0.27899999999999997,0.009878236,3,3.478455335,350,244,0.178451178,4.602653695,404031107.0,403011057.0,401071023.0,401071024.0,401011001.0,91131433.16,339572842.1,2003450971.0,311686358.9,2745841605.0,0.033188889,0.123668037,0.729630933,0.113512141,0.848487936,0.959261865,57.82764247,404031107,404031106,404011093,401011001,404031107,404031106,401051017,404031107,403011057,404031107,404031106.0,404011092.0,404031109.0,406011136.0,407011148.0
404031109,South Australia,4,West Beach,5151,43.3,2531,43.8,2620,43.0,0.14800000000000002,0.633,0.21899999999999997,2943,46,0.49,41340,52844,155519464,0.272,0.221,0.23199999999999998,0.261,0.085,0.23399999999999999,0.33299999999999996,0.002993106,3,3.058690818,57,46,0.106796117,4.38420134,404031107.0,401011001.0,403011057.0,404031108.0,404031106.0,26356830.68,51557593.0,419378665.8,78406329.84,575699419.3,0.045782278,0.089556444,0.728468106,0.136193172,0.859588328,0.956936213,57.64626401,403011057,404011092,404031107,404031104,404011092,404031106,404011092,403011057,404031107,404031106,404031107.0,404011092.0,,,
405011110,South Australia,4,Barossa - Angaston,6311,44.4,3143,44.2,3168,44.7,0.19399999999999998,0.62,0.18600000000000003,3384,46,0.49,37122,46342,156821208,0.187,0.233,0.271,0.28,0.106,0.263,0.33799999999999997,0.00366715,2,3.151506363,46,57,-0.106796117,4.44464575,402011026.0,401011001.0,405011112.0,405011111.0,404031107.0,75484630.36,965664208.7,184264437.3,23306419.05,1248719695.0,0.060449619,0.773323439,0.14756269,0.018664252,0.725073831,1.046646877,64.64283033,405011114,405011115,405011111,405011114,402011026,405011115,405011114,401011001,402011026,405011111,405011115.0,407031164.0,405011114.0,405011111.0,407031164.0
405011111,South Australia,4,Light,9287,39.8,4673,39.8,4614,39.8,0.20600000000000002,0.648,0.146,4272,46,0.44,38647,43446,185599649,0.177,0.179,0.295,0.255,0.064,0.27399999999999997,0.28300000000000003,0.005396422,2,3.353238739,67,63,0.030769231,4.449380853,402011026.0,401011001.0,402011025.0,405011114.0,405011112.0,185649834.6,1247376758.0,110278505.4,59014582.9,1602319681.0,0.115863168,0.77848183,0.068824284,0.036830717,0.750445723,1.056963661,65.4474399,405011114,402011026,405011115,402011026,405011114,402011025,402011025,405011110,401011001,402011025,405011114.0,405011115.0,405011114.0,405011115.0,405021117.0
405011112,South Australia,4,Lyndoch,6375,40.5,3247,39.4,3128,41.6,0.209,0.647,0.14400000000000002,3204,45,0.43,40135,46288,148308003,0.212,0.177,0.282,0.243,0.063,0.262,0.28300000000000003,0.003704339,3,3.210452599,49,49,0.0,4.490090135,402011026.0,401011001.0,402011025.0,405011111.0,405011110.0,22561373.46,57194566.4,768517525.0,25522958.86,873796423.7,0.025819943,0.065455253,0.87951553,0.029209274,0.488989857,1.259031061,81.20674757,402011026,402011025,405011111,402011026,405011115,405011111,402011025,402011026,402021030,402011026,405011114.0,405011110.0,405011115.0,405011114.0,
405011113,South Australia,4,Mallala,3240,44.1,1668,44.4,1572,43.5,0.183,0.647,0.171,1490,46,0.44,39220,45844,68307358,0.192,0.188,0.289,0.233,0.06,0.28600000000000003,0.295,0.001882676,2,2.289682142,23,22,0.022222222,3.922632293,402011026.0,402011027.0,405021119.0,402011025.0,402041048.0,59032452.26,471891676.2,51196876.93,12291442.96,594412448.3,0.099312275,0.793879195,0.086130223,0.020678307,0.703993257,1.087758391,67.84913174,402011027,405021119,405041127,402021035,402011027,402011026,402011026,402031036,402011027,402011027,405021119.0,402011026.0,405021119.0,405041124.0,
405011114,South Australia,4,Nuriootpa,6821,42.8,3236,40.9,3585,44.5,0.179,0.593,0.228,3500,44,0.43,40638,43670,152843385,0.179,0.163,0.318,0.245,0.053,0.257,0.267,0.003963497,3,3.184295558,45,58,-0.126213592,2.564662698,402011026.0,405011111.0,402011025.0,405011112.0,405011110.0,50791487.34,161894726.2,1258405578.0,31187525.54,1502279317.0,0.033809616,0.107766062,0.837664184,0.020760138,0.58341582,1.175328368,74.67874507,405011111,405011110,405011115,405011115,405011110,405011111,401011001,405011111,402011026,405011115,405011111.0,405011110.0,405011115.0,407031164.0,407031170.0
405011115,South Australia,4,Tanunda,4721,46.3,2313,44.1,2408,48.2,0.16899999999999998,0.599,0.23199999999999998,2899,46,0.45,40943,48808,141495616,0.231,0.193,0.272,0.247,0.066,0.25,0.3,0.002743244,3,2.758444816,43,53,-0.104166667,4.429231932,402011026.0,401011001.0,405011111.0,404031107.0,405011112.0,25850843.91,138651028.9,865562037.0,28453814.8,1058517725.0,0.024421739,0.130986025,0.817711425,0.026880811,0.618682234,1.13542285,71.56649971,405011114,405011111,405011110,405011114,405011111,405011110,405011114,402011026,405011111,405011111,402011026.0,405011110.0,407031170.0,407031164.0,405021119.0
405021116,South Australia,4,Clare,4176,43.6,2023,42.7,2153,44.3,0.187,0.59,0.222,2645,45,0.49,35773,44117,116689322,0.193,0.205,0.239,0.278,0.07,0.29,0.322,0.00242656,1,3.025623876,43,52,-0.094736842,2.874671955,405021119.0,405021117.0,403041087.0,403041073.0,405021118.0,776025736.7,38888947.15,16030195.51,15478829.09,846423708.4,0.916828923,0.045945012,0.018938736,0.018287329,0.369436128,1.333657845,87.02691678,405021117,405021119,405021118,405021117,405021119,401011001,405021117,401011001,405021118,405021119,405031120.0,405021118.0,405021117.0,405021118.0,405031122.0
405021117,South Australia,4,Gilbert Valley,5021,49.2,2551,49.6,2470,49.0,0.171,0.607,0.222,2374,48,0.5,34997,41779,99183173,0.18100000000000002,0.21100000000000002,0.23399999999999999,0.304,0.079,0.281,0.325,0.002917566,1,2.753683816,59,50,0.082568807,2.336208855,405021119.0,405021116.0,405021118.0,405011111.0,405031120.0,802922544.6,49277089.28,17721753.58,21947457.61,891868845.0,0.900269753,0.055251498,0.019870358,0.024608391,0.423612119,1.300539505,84.4440058,405021116,405021119,405021118,402011026,405021116,405011111,402011026,401011001,405021116,405021116,405021119.0,405021118.0,405021119.0,405021118.0,
405021118,South Australia,4,Goyder,4250,48.1,2133,48.5,2117,47.8,0.171,0.605,0.223,2078,48,0.5,33031,39890,82892064,0.165,0.201,0.253,0.33,0.065,0.253,0.318,0.002469559,1,2.276326925,49,38,0.126436782,2.203917556,405031120.0,405011111.0,405021117.0,405021116.0,405011114.0,889380261.7,36018062.75,9614423.047,9644370.445,944657117.9,0.941484741,0.038128186,0.010177685,0.010209387,0.274821172,1.382969481,90.87274864,405021116,407031170,405031120,405021116,402011026,405021117,405021116,402011026,402031036,405021116,405021117.0,407031170.0,407031170.0,405031121.0,
405021119,South Australia,4,Wakefield - Barunga West,9669,46.3,4940,45.8,4729,46.9,0.187,0.584,0.22899999999999998,4576,47,0.49,38345,47474,217241910,0.213,0.209,0.251,0.268,0.069,0.268,0.327,0.005618392,2,3.052483817,65,74,-0.064748201,3.830555907,405031122.0,402011026.0,405041127.0,405041126.0,405011111.0,171154217.4,1642522927.0,48457793.11,33536945.76,1895671883.0,0.090286837,0.866459508,0.025562332,0.017691324,0.506423318,1.232919016,79.17025999,405031122,405041127,405041124,402011026,405011113,402021030,405021116,405031122,401011001,405031123,405011113.0,405021117.0,405031122.0,405041124.0,405031123.0
405031120,South Australia,4,Jamestown,4645,46.8,2374,46.2,2271,47.3,0.185,0.5870000000000001,0.228,2406,48,0.49,39111,49254,118504926,0.225,0.213,0.25,0.27,0.07,0.254,0.332,0.002699083,2,2.828529308,37,47,-0.119047619,1.669477801,405021118.0,405031122.0,405031121.0,405031123.0,405021119.0,63398309.41,1039710879.0,17752881.52,8912053.95,1129774124.0,0.056115916,0.920282079,0.015713656,0.00788835,0.341545806,1.340564157,87.56554247,405031121,405031122,405021116,405031122,405031121,405031123,405031122,405021116,401011001,405031121,405021118.0,405031122.0,405031122.0,405031121.0,406021142.0
405031121,South Australia,4,Peterborough - Mount Remarkable,5481,52.8,2729,53.1,2752,52.5,0.151,0.579,0.271,2619,51,0.5,34800,44740,117173117,0.217,0.205,0.215,0.315,0.071,0.253,0.325,0.00318486,1,2.828834353,33,49,-0.195121951,1.485004614,406021142.0,405031122.0,405031120.0,405031123.0,405021119.0,1454423416.0,94585797.35,70977367.63,97201172.19,1717187753.0,0.846979844,0.055081803,0.041333493,0.05660486,0.594585496,1.193959689,76.13180837,405031122,406021142,406011136,405031122,405031120,405031123,401011001,406021142,405031120,406021140,405031120.0,405021118.0,406021142.0,405031122.0,406021140.0
405031122,South Australia,4,Port Pirie,14267,43.3,7007,41.9,7260,44.6,0.175,0.611,0.214,6546,43,0.44,37332,43944,287659143,0.21100000000000002,0.171,0.244,0.268,0.055999999999999994,0.276,0.278,0.008290164,2,3.270153014,81,55,0.191176471,1.877174757,405021119.0,406021142.0,405031123.0,405031121.0,405031120.0,82786333.36,4654999584.0,312038762.7,50348457.02,5100173137.0,0.016232063,0.912714031,0.061181994,0.009871911,0.366774767,1.325428062,86.38507313,405031123,406021142,405031121,405031123,405031121,405021119,404031104,402021030,405041124,405031123,405031120.0,405031121.0,405031123.0,406021142.0,405041124.0
405031123,South Australia,4,Port Pirie Region,3383,44.4,1656,43.6,1727,45.1,0.21,0.586,0.205,1365,48,0.48,41244,53943,73632017,0.285,0.204,0.22,0.253,0.057,0.242,0.32799999999999996,0.001965769,3,2.639045649,28,33,-0.081967213,1.255470723,405031122.0,405031120.0,405031121.0,405021119.0,,67360605.77,320380238.8,678858980.7,18064119.97,1084663945.0,0.062102743,0.295372811,0.625870329,0.016654117,0.894284136,0.842486281,48.72027358,405031122,406011136,405031121,405031122,405031121,405021119,405031122,405021119,401011001,405031122,405031120.0,405021119.0,406021142.0,406011131.0,
405041124,South Australia,4,Kadina,5470,42.5,2678,41.5,2792,44.0,0.18899999999999997,0.599,0.212,2732,44,0.48,37450,49140,134251019,0.214,0.215,0.24,0.257,0.066,0.289,0.337,0.003178468,2,3.063530993,41,36,0.064935065,1.734523752,405021119.0,405041125.0,405041127.0,405041126.0,405021116.0,117689940.5,1238104584.0,9707118.691,11274844.38,1376776487.0,0.085482242,0.899277839,0.007050613,0.008189306,0.379991526,1.298555677,84.28928634,405041126,405041125,405041127,405041126,405041125,405021119,405041126,401011001,402031036,405041126,405041125.0,405041127.0,405041126.0,405041125.0,405041127.0
405041125,South Australia,4,Moonta,5034,54.6,2529,54.1,2505,55.1,0.151,0.524,0.325,1996,49,0.47,32009,39731,79303083,0.156,0.201,0.218,0.316,0.065,0.309,0.316,0.00292512,1,2.626401494,32,37,-0.072463768,3.200857759,405041127.0,405041126.0,403011057.0,405041124.0,405021119.0,1013727944.0,70115946.38,29031484.59,28615026.55,1141490402.0,0.888073998,0.061424911,0.025432964,0.025068127,0.4625739,1.276147995,82.54170332,405041124,405041126,405041127,405041124,405041126,405041127,405041127,405041124,405041126,405041126,405041124.0,405041127.0,405041127.0,405041126.0,406021142.0
405041126,South Australia,4,Wallaroo,4144,53.7,2095,52.2,2049,55.1,0.14,0.5589999999999999,0.3,1546,49,0.48,32689,38863,60082440,0.14400000000000002,0.203,0.235,0.326,0.065,0.294,0.317,0.002407965,1,2.527626106,29,31,-0.033333333,1.605150168,405021119.0,405041125.0,405041127.0,405041124.0,405011113.0,899293918.4,89544762.58,24823556.31,22963486.54,1036625724.0,0.867520357,0.086380996,0.023946498,0.022152148,0.508597217,1.235040715,79.33573205,405041124,405041125,405021119,405041124,405041125,405021119,405041124,401011001,402031036,405041124,405041125.0,405041127.0,405041127.0,405041128.0,
405041127,South Australia,4,Yorke Peninsula - North,7274,54.7,3733,54.5,3541,54.9,0.153,0.527,0.32,3496,51,0.52,34907,46644,163067146,0.217,0.221,0.212,0.308,0.071,0.263,0.348,0.004226723,1,2.684289264,51,63,-0.105263158,3.807745331,405021119.0,405041125.0,405041128.0,405011113.0,405041126.0,1465522177.0,105074034.6,52020286.75,53527179.21,1676143678.0,0.874341619,0.062687964,0.031035697,0.03193472,0.508790117,1.248683238,80.39971727,405041128,405021119,405041125,405041124,405021119,405041128,405041128,405041124,401011001,405041128,405041125.0,402011026.0,405041128.0,406021142.0,407031170.0
405041128,South Australia,4,Yorke Peninsula - South,4009,56.1,2105,56.0,1904,56.2,0.124,0.55,0.326,1960,51,0.52,29146,38562,75580773,0.17,0.20800000000000002,0.191,0.355,0.069,0.28300000000000003,0.33399999999999996,0.002329521,1,2.752766325,28,36,-0.125,1.206977271,405041127.0,405041125.0,405041124.0,405011113.0,405041126.0,940829812.7,56740069.1,58742445.56,57616121.22,1113928449.0,0.844605247,0.050936906,0.052734487,0.051723359,0.602656726,1.189210494,75.76141703,405041127,403011057,407011145,405041127,401011001,405041124,405041127,401011001,402031036,405041127,402051051.0,403041077.0,,,
406011129,South Australia,4,Ceduna,2670,36.8,1332,36.6,1338,36.9,0.20800000000000002,0.63,0.162,1785,42,0.44,41424,48591,86735180,0.228,0.19399999999999998,0.28,0.237,0.071,0.255,0.295,0.001551464,3,1.888466707,21,26,-0.106382979,0.0,406011134.0,,,,,5057429.119,31372673.84,1162810327.0,13298995.74,1212539426.0,0.00417094,0.025873529,0.958987644,0.010967887,0.207066167,1.417975288,93.60286382,406011133,406011134,406011130,406011134,401011001,406021142,406011134,406011133,401011001,406011134,406011133.0,406021142.0,406011134.0,406011133.0,406021142.0
406011130,South Australia,4,Eyre Peninsula,6700,46.4,3364,46.8,3336,46.1,0.183,0.6,0.217,3291,47,0.52,36456,49110,161621337,0.225,0.22399999999999998,0.22899999999999998,0.28,0.065,0.266,0.355,0.003893187,1,2.829495684,60,75,-0.111111111,0.544814125,406011133.0,406011131.0,407031165.0,405041127.0,,1944143079.0,400959466.9,13846312.61,77662609.02,2436611468.0,0.797888012,0.164556177,0.00568261,0.031873202,0.616310698,1.095776023,68.47442973,406011133,406011131,406011136,406011133,406011131,406011132,406011133,401011001,406011136,406011131,406011133.0,406011132.0,406011133.0,406011131.0,406011136.0
406011131,South Australia,4,Kimba - Cleve - Franklin Harbour,4360,45.1,2292,44.6,2068,45.4,0.2,0.579,0.221,2385,47,0.53,42073,58753,140125885,0.281,0.242,0.23399999999999999,0.245,0.07400000000000001,0.239,0.371,0.002533477,4,2.184855793,49,47,0.020833333,0.482132573,406011136.0,406011130.0,407031165.0,405041127.0,,34486211.28,47224707.35,15195888.63,1436148271.0,1533055078.0,0.02249509,0.030804312,0.009912161,0.936788437,0.299463656,1.373576875,90.14021593,406011136,406011133,406011130,406011136,406011133,406011130,406011133,401011001,406011136,406011133,406011132.0,406011130.0,406011133.0,406011136.0,406011132.0
406011132,South Australia,4,Le Hunte - Elliston,2321,43.4,1200,44.8,1121,41.6,0.218,0.616,0.166,1414,45,0.55,44010,68296,96570417,0.313,0.253,0.218,0.23800000000000002,0.075,0.231,0.396,0.00134867,4,2.053287203,23,34,-0.192982456,,,,,,,23155738.96,109354174.4,2518134.73,740846792.8,875874840.9,0.026437269,0.124851371,0.002874994,0.845836366,0.514257208,1.191672733,75.95344787,406011133,406011130,406011131,406011131,406011133,406011130,406011133,406011134,401011001,406011134,406011133.0,406011129.0,406011133.0,406011134.0,406011136.0
406011133,South Australia,4,Port Lincoln,16281,39.9,8162,38.5,8119,41.4,0.19899999999999998,0.622,0.179,8637,42,0.45,38411,46621,402668020,0.201,0.198,0.264,0.24,0.073,0.294,0.305,0.009460445,2,3.374625925,159,161,-0.00625,0.0,406011130.0,,,,,334385092.8,6779572255.0,42446743.88,116420294.0,7272824386.0,0.045977336,0.932178738,0.005836349,0.016007577,0.303266236,1.364357475,89.42119174,406011130,406011131,406011136,406011130,404031104,401011001,404031104,406011136,406021142,406011131,406011132.0,406011134.0,406011136.0,406011134.0,406021142.0
406011134,South Australia,4,West Coast (SA),3684,43.1,1949,44.8,1735,40.9,0.21,0.629,0.161,1693,47,0.53,39103,56694,95983062,0.253,0.265,0.222,0.251,0.081,0.27399999999999997,0.389,0.002140672,2,2.606767428,35,47,-0.146341463,0.0,406011129.0,,,,,9982555.975,1245265433.0,27893877.92,19527147.99,1302669015.0,0.007663156,0.95593387,0.021412867,0.014990107,0.225680315,1.41186774,93.12653405,406011129,406011133,406011132,406011132,406011129,401011001,406011133,406011129,406011132,406011129,406011132.0,406011133.0,406021142.0,406011136.0,
406011136,South Australia,4,Whyalla,21976,40.1,10931,39.8,11045,40.5,0.19399999999999998,0.635,0.17,10349,41,0.43,45350,52339,541654020,0.314,0.158,0.22899999999999998,0.233,0.049,0.22399999999999998,0.264,0.012769654,4,3.263418036,62,68,-0.046153846,0.924197955,406021142.0,406011131.0,406021140.0,405031121.0,405031122.0,38176386.34,65545106.51,77472833.33,9012516012.0,9193710338.0,0.004152446,0.007129342,0.008426721,0.980291491,0.117778372,1.460582981,96.92585283,406021142,406011131,406011133,406011137,406011131,406021142,406011133,401011001,406021142,406011131,406011133.0,406021142.0,406021142.0,406021139.0,406021143.0
406021139,South Australia,4,Coober Pedy,1837,43.9,970,49.8,867,38.4,0.179,0.61,0.21100000000000002,751,46,0.45,33710,40685,30554268,0.171,0.16899999999999998,0.24,0.28300000000000003,0.046,0.305,0.28300000000000003,0.001067431,1,1.087897248,13,23,-0.277777778,0.0,406021141.0,,,,,629767898.6,3124624.711,1538850.459,36918613.35,671349987.1,0.938061981,0.004654241,0.002292173,0.054991605,0.258411823,1.376123961,90.33886412,406021141,406021142,406011136,406021141,406021142,401011001,401011001,406011136,406021142,406021142,406011133.0,405031121.0,406021142.0,406021141.0,
406021140,South Australia,4,Quorn - Lake Gilles,2196,52.2,1122,53.6,1074,50.5,0.156,0.595,0.25,1243,47,0.48,40165,48033,59705087,0.248,0.183,0.243,0.268,0.052000000000000005,0.24100000000000002,0.298,0.001276036,3,2.073711716,19,21,-0.05,0.977459803,406021142.0,405031122.0,405031121.0,406011136.0,,33909098.44,19407425.77,492132966.8,300542878.5,845992369.5,0.040082038,0.022940426,0.581722702,0.355254834,0.898348961,0.873955071,51.17453553,406021142,406011136,405031122,406021142,405031121,406011136,406021142,405031121,405031122,405031121,406021142.0,401041014.0,406021142.0,406021141.0,
406021141,South Australia,4,Outback,2588,43.7,1613,43.9,975,43.0,0.126,0.755,0.11900000000000001,1237,43,0.44,43339,53253,65874023,0.308,0.154,0.21,0.22,0.04,0.261,0.268,0.001503816,4,1.706322792,11,23,-0.352941176,1.197652287,406021139.0,407031168.0,407031159.0,407031162.0,,122454064.2,16819997.29,16812168.36,1015691655.0,1171777885.0,0.104502795,0.014354254,0.014347573,0.866795378,0.481743202,1.233590757,79.22264931,406021143,407031168,407031170,406021142,406021139,406021140,406021142,405021116,406021143,406021142,406021140.0,401041014.0,406021142.0,406021143.0,
406021142,South Australia,4,Port Augusta,13957,38.0,7083,37.0,6874,39.2,0.201,0.639,0.16,6836,43,0.41,43362,49483,338269143,0.257,0.162,0.271,0.214,0.054000000000000006,0.259,0.266,0.008110032,4,3.275565379,75,63,0.086956522,1.340759406,406011136.0,405031121.0,405031122.0,406021140.0,,59077729.8,69635878.38,183842052.3,4227904062.0,4540459722.0,0.013011398,0.015336746,0.040489744,0.931162111,0.316814858,1.362324223,89.26261766,406011136,405031122,406011133,406021140,405031121,406011136,406011136,404031104,402031036,406021140,405031121.0,406021141.0,406021143.0,,
406021143,South Australia,4,Roxby Downs,3997,31.2,2265,32.6,1732,28.7,0.265,0.715,0.02,2551,34,0.38,68949,73243,186843840,0.508,0.134,0.188,0.132,0.039,0.172,0.23199999999999998,0.002322548,4,2.551812274,26,13,0.333333333,,,,,,,5872928.363,30187279.5,10286454.24,846923954.3,893270616.4,0.006574635,0.033794103,0.011515496,0.948115766,0.249431198,1.396231531,91.90706057,406021142,406021141,406011136,406021141,404031104,406021142,401011001,406021142,405031122,404011094,406021142.0,403021064.0,,,
407011144,South Australia,4,Goolwa - Port Elliot,11508,58.3,5530,58.0,5978,58.5,0.125,0.488,0.387,5131,52,0.5,28164,35741,183384819,0.127,0.214,0.20199999999999999,0.36700000000000005,0.08,0.304,0.331,0.006686985,1,3.320211047,83,82,0.006060606,1.918442581,407011148.0,407011147.0,407011149.0,403041088.0,407011146.0,2472975617.0,58658912.89,66769988.78,112783167.2,2711187686.0,0.912137374,0.021635873,0.024627579,0.041599174,0.390313079,1.324274749,86.29512577,407011148,407011147,403041087,407011148,407011147,401011001,407011148,401011001,404031104,407011147,407011148.0,401021004.0,407011148.0,407011147.0,407011146.0
407011145,South Australia,4,Kangaroo Island,4873,48.5,2504,49.1,2369,47.8,0.16699999999999998,0.601,0.231,2607,49,0.48,30045,36865,96106647,0.13699999999999998,0.192,0.214,0.32,0.062,0.33,0.31,0.002831567,1,3.03022103,56,66,-0.081967213,0.647753621,407011149.0,407011148.0,407011147.0,,,1463569512.0,9020351.678,10421389.54,16066250.14,1499077503.0,0.976313439,0.006017268,0.006951868,0.010717425,0.137325879,1.452626877,96.30535347,407011149,401071024,401021004,407011149,401011001,404031104,401011001,403041073,403021064,401031011,401021004.0,403041080.0,407011148.0,407011149.0,
407011146,South Australia,4,Strathalbyn,7363,45.0,3514,44.1,3849,45.5,0.185,0.5820000000000001,0.23399999999999999,3774,45,0.44,36060,41408,156275267,0.16399999999999998,0.17300000000000001,0.27,0.265,0.055,0.301,0.282,0.004278438,1,3.066171848,49,48,0.010309278,4.437726446,401021007.0,401011001.0,407031165.0,401021004.0,407031169.0,1360731652.0,19873256.29,37906751.68,17312869.3,1435824529.0,0.947700519,0.013841006,0.026400685,0.012057789,0.259370123,1.395401039,91.84229017,407011147,401021008,401021007,401021007,401021008,407011147,401021007,407011147,407031165,407011147,401021008.0,407031165.0,407011147.0,407031165.0,407011148.0
407011147,South Australia,4,Strathalbyn Region,7622,45.2,3858,45.7,3764,44.8,0.17800000000000002,0.64,0.182,3276,46,0.49,35049,40305,132040648,0.16699999999999998,0.188,0.252,0.301,0.059000000000000004,0.281,0.302,0.004428936,1,3.179800333,65,94,-0.182389937,4.372380718,407031165.0,401011001.0,407011148.0,404031107.0,401021007.0,1194401991.0,36902237.21,31042069.76,29375376.78,1291721675.0,0.924658937,0.028568257,0.024031547,0.022741259,0.349644278,1.349317875,88.24824798,407011144,407011148,407011146,407011144,407011146,407011148,407011144,401021007,407011146,407011146,403041088.0,403041072.0,407011148.0,407031165.0,407011149.0
407011148,South Australia,4,Victor Harbor,14826,57.8,6955,56.5,7871,59.0,0.132,0.475,0.39299999999999996,7017,53,0.51,28624,36742,257817719,0.13,0.22699999999999998,0.207,0.35700000000000004,0.095,0.306,0.34299999999999997,0.008614984,1,3.253976184,101,100,0.004975124,2.690448215,407011144.0,407011147.0,407011149.0,403041088.0,403041087.0,3643741486.0,65348658.21,74590307.47,98952039.38,3882632491.0,0.938471899,0.016831018,0.019211272,0.025485811,0.297793504,1.376943797,90.40280344,407011144,407011147,407011149,407011144,403041073,401011001,407011144,401021007,401011001,407011149,407011144.0,403041072.0,407011149.0,407031165.0,407031169.0
407011149,South Australia,4,Yankalilla,5979,53.8,2935,54.1,3044,53.3,0.151,0.563,0.285,2549,51,0.5,30229,36946,94174173,0.139,0.204,0.213,0.35100000000000003,0.076,0.297,0.321,0.003474234,1,2.898346302,44,67,-0.207207207,2.248126897,407011148.0,403041072.0,403041087.0,407011147.0,407011145.0,1144505462.0,57162966.39,56040335.28,69591837.78,1327300601.0,0.862280527,0.043067084,0.042221284,0.052431105,0.551417414,1.224561054,78.51841961,407011148,403041072,403041087,407011148,403041087,403041073,407011148,403041087,401011001,401071024,407011148.0,403041072.0,,,
407021150,South Australia,4,Grant,6072,43.1,3451,43.3,2621,43.0,0.187,0.648,0.166,1943,44,0.46,35849,41611,80850413,0.187,0.17600000000000002,0.257,0.281,0.055,0.275,0.28300000000000003,0.003528274,1,2.94225744,53,52,0.00952381,1.727796322,407021173.0,407021174.0,407021158.0,407021156.0,407021152.0,1457266943.0,241548192.7,240823517.9,3706897.825,1943345552.0,0.749875359,0.12429503,0.123922129,0.001907483,0.745724188,0.999750718,60.98538236,407021173,407021174,407021156,407021174,407021173,407021158,407021174,407021173,407021156,407021174,407021173.0,407021158.0,407021174.0,407021173.0,407021158.0
407021151,South Australia,4,Kingston - Robe,3828,49.8,1969,48.0,1859,51.4,0.153,0.579,0.268,2005,48,0.51,31626,40183,80567879,0.157,0.22,0.22399999999999998,0.314,0.07400000000000001,0.305,0.335,0.002224346,1,2.378591061,46,41,0.057471264,1.879245795,407021173.0,407021174.0,407021158.0,407021154.0,407021150.0,1157313907.0,46201814.21,23555567.2,18064902.47,1245136191.0,0.929467728,0.037105832,0.018918065,0.014508375,0.326684554,1.358935457,88.99832662,407021174,407021152,407021173,407021174,407021173,407021154,407021154,407021173,401011001,407021157,407021154.0,407021174.0,407021154.0,407021174.0,407021173.0
407021152,South Australia,4,Millicent,5396,46.1,2672,45.3,2724,46.7,0.17800000000000002,0.602,0.221,3030,45,0.48,37098,45133,136751880,0.226,0.182,0.22899999999999998,0.27899999999999997,0.054000000000000006,0.266,0.299,0.003135468,2,2.744797014,38,51,-0.146067416,1.563398366,407021174.0,407021150.0,407021173.0,407021158.0,407021156.0,145047239.6,1929946167.0,20081309.36,578433.5187,2095653149.0,0.069213381,0.92092824,0.009582363,0.000276016,0.3074975,1.34185648,87.66633122,407021174,407021158,407021173,407021174,407021158,407021173,407021158,407021174,407021173,407021158,407021151.0,407021174.0,407021158.0,407021174.0,407021173.0
407021154,South Australia,4,Naracoorte,6231,39.4,3218,38.1,3013,41.0,0.188,0.621,0.191,4272,43,0.46,36820,41715,178206541,0.158,0.188,0.28,0.27,0.06,0.292,0.297,0.003620664,2,2.998045635,86,75,0.068322981,1.743765581,407021157.0,407021151.0,407021155.0,407021156.0,407021158.0,221589480.1,2201013965.0,18335300.54,3917820.974,2444856567.0,0.090634961,0.900263024,0.00749954,0.001602475,0.359204436,1.300526047,84.4429562,407021157,407021174,407021173,407021155,407021174,407021156,401011001,407021173,407021174,407021155,407021151.0,407021157.0,407021155.0,407021157.0,407021173.0
407021155,South Australia,4,Naracoorte Region,2321,45.3,1227,45.7,1094,44.7,0.212,0.63,0.158,1051,45,0.57,33314,44787,47071648,0.17800000000000002,0.258,0.243,0.313,0.107,0.266,0.384,0.00134867,1,2.043995494,32,25,0.122807018,1.16001449,407021154.0,407021151.0,407021156.0,407021157.0,,685892144.0,178921801.9,5582998.489,864621.0368,871261565.4,0.787240217,0.205359457,0.006407948,0.000992378,0.55263194,1.074480434,66.81357926,407021154,407021151,407021157,407021154,407021156,407021174,407021154,407021173,407031169,407021154,,,,,
407021156,South Australia,4,Penola,3217,43.7,1648,43.0,1569,44.4,0.19699999999999998,0.608,0.19399999999999998,1860,44,0.49,37986,45643,84896033,0.177,0.226,0.28600000000000003,0.272,0.09,0.265,0.33299999999999996,0.001869311,2,2.018711594,27,46,-0.260273973,1.809500824,407021173.0,407021174.0,407021150.0,407021158.0,407021154.0,99086263.52,1047827755.0,23415083.6,2120126.844,1172449229.0,0.0845122,0.893708426,0.019971085,0.001808289,0.398825133,1.287416852,83.42056544,407021174,407021173,407021150,407021174,407021173,407021150,407021173,407021174,407021154,407021173,407021174.0,407021154.0,407021173.0,407021174.0,407021158.0
407021157,South Australia,4,Tatiara,6773,42.0,3554,42.2,3219,41.6,0.19,0.625,0.185,4169,44,0.5,35600,39498,164666830,0.141,0.21,0.27399999999999997,0.28800000000000003,0.085,0.297,0.319,0.003935606,1,2.973899469,70,87,-0.108280255,0.744043461,407031169.0,407021154.0,407021155.0,407021156.0,,2488345931.0,55889400.22,13078993.25,8396717.38,2565711042.0,0.969846522,0.021783201,0.00509761,0.003272667,0.158687061,1.439693044,95.29663931,407021154,407021174,407021173,407021154,407031169,401011001,401011001,407021154,401021007,407031169,407021174.0,407021154.0,407031169.0,407021173.0,407021174.0
407021158,South Australia,4,Wattle Range,3355,46.8,1686,46.8,1669,46.9,0.179,0.625,0.196,1562,47,0.49,36729,44311,69214250,0.233,0.18,0.221,0.299,0.053,0.248,0.297,0.001949499,1,2.335783385,52,38,0.155555556,1.76411829,407021173.0,407021174.0,407021150.0,407021152.0,407021156.0,893804636.6,204974746.7,30314095.89,2433241.76,1131526721.0,0.789910322,0.181148834,0.026790437,0.002150406,0.605952048,1.079820644,67.2300641,407021152,407021174,407021150,407021174,407021152,407021173,407021174,407021152,407021173,407021152,407021174.0,407021150.0,407021174.0,407021173.0,
407021173,South Australia,4,Mount Gambier - East,15152,39.4,7436,38.7,7716,40.1,0.204,0.629,0.16699999999999998,9656,44,0.43,39563,45176,436216800,0.196,0.177,0.28800000000000003,0.248,0.062,0.268,0.28,0.008804414,3,3.326530559,107,92,0.075376884,1.709264924,407021174.0,407021150.0,407021158.0,407021156.0,407021152.0,231912400.4,1284201818.0,5115039006.0,13229107.72,6644382333.0,0.03490353,0.193276328,0.76982912,0.001991021,0.648542241,1.039658241,64.0977841,407021174,407021150,407021152,407021174,407021150,407021158,407021174,401011001,404031104,407021174,407021150.0,407021158.0,407021174.0,,
407021174,South Australia,4,Mount Gambier - West,14353,40.1,6890,38.4,7463,41.6,0.195,0.614,0.191,6647,42,0.42,37347,41946,278817112,0.165,0.16699999999999998,0.289,0.261,0.057,0.285,0.27,0.008340137,2,3.418159381,136,123,0.05019305,1.761562735,407021173.0,407021150.0,407021158.0,407021152.0,407021156.0,408813120.4,4710599909.0,1246183102.0,15021173.76,6380617305.0,0.064071092,0.738267112,0.195307608,0.002354188,0.733297846,0.976534223,59.17471977,407021173,407021150,407021152,407021173,407021150,407021158,407021173,401011001,404031104,407021173,407021150.0,407021158.0,,,
407031159,South Australia,4,Barmera,6681,46.3,3368,45.8,3313,46.8,0.17800000000000002,0.608,0.214,3062,46,0.48,31036,35555,108869049,0.12300000000000001,0.179,0.254,0.33399999999999996,0.057,0.289,0.29100000000000004,0.003882147,1,3.138726319,48,87,-0.288888889,1.718658245,407031168.0,407031162.0,407031160.0,407031167.0,407031163.0,1981585627.0,22295181.37,21648209.65,15500843.57,2041029862.0,0.970875372,0.010923496,0.010606513,0.007594619,0.163320388,1.441750745,95.45712008,407031162,407031160,407031168,407031160,407031167,407031168,407031160,401011001,407031167,407031163,407031162.0,407031160.0,407031160.0,407031162.0,407031167.0
407031160,South Australia,4,Berri,4213,41.2,2076,39.1,2137,42.9,0.18,0.606,0.214,2399,44,0.46,35243,40523,97214441,0.153,0.191,0.271,0.28600000000000003,0.07400000000000001,0.29100000000000004,0.29600000000000004,0.002448059,1,2.716028229,27,28,-0.018181818,1.515922878,407031159.0,407031168.0,407031162.0,407031167.0,407031163.0,1323820093.0,13652131.87,12868585.38,16585672.85,1366926484.0,0.968464734,0.009987466,0.009414248,0.012133551,0.174492262,1.436929468,95.08110702,407031159,407031162,407031168,407031159,407031168,407031167,407031167,407031162,407031159,407031162,407031159.0,407031167.0,407031167.0,407031162.0,407031168.0
407031161,South Australia,4,Karoonda - Lameroo,3105,46.6,1598,46.4,1507,46.7,0.18,0.5820000000000001,0.23800000000000002,1713,48,0.5,36861,46737,80059816,0.212,0.213,0.231,0.276,0.066,0.281,0.33899999999999997,0.001804231,2,1.829416305,48,37,0.129411765,1.474967593,407031165.0,407031166.0,407031169.0,407031164.0,401021007.0,31561236.32,766494032.2,3572398.29,3926593.913,805554260.7,0.039179529,0.951511363,0.004434708,0.0048744,0.224198305,1.403022725,92.43670818,407031165,407031169,407031162,407031165,407031169,407031166,407031165,407031160,401021007,407021157,401011001.0,407031164.0,407031165.0,407031169.0,407031162.0
407031162,South Australia,4,Loxton,5471,44.9,2685,43.8,2786,45.8,0.18100000000000002,0.588,0.231,3221,45,0.47,33538,39632,127655967,0.149,0.193,0.253,0.31,0.063,0.289,0.303,0.003179049,1,2.871399146,45,47,-0.02173913,1.631853542,407031159.0,407031168.0,407031160.0,407031163.0,407031167.0,1251473264.0,11847923.3,6239918.741,3458982.946,1273020089.0,0.983074246,0.009306941,0.004901666,0.002717147,0.10243153,1.466148492,97.35990896,407031159,407031160,407031168,407031163,407031159,407031160,407031160,407031167,401011001,407031163,407031167.0,407031159.0,407031167.0,407031163.0,407031168.0
407031163,South Australia,4,Loxton Region,1749,46.1,899,47.9,850,44.7,0.18600000000000003,0.632,0.182,671,46,0.56,30269,40257,27012182,0.171,0.239,0.198,0.366,0.062,0.265,0.377,0.001016296,1,1.490616815,14,21,-0.2,1.411677123,407031159.0,407031162.0,407031168.0,407031160.0,407031167.0,512520053.0,12740757.02,6267647.253,4836362.704,536364820.0,0.955543753,0.023753901,0.011685418,0.009016928,0.226743711,1.411087506,93.06568327,407031162,407031159,407031170,407031159,407031160,407031167,407031162,407031160,407031159,407031170,407011148.0,407031159.0,407031170.0,,
407031164,South Australia,4,Mannum,6387,51.4,3307,51.3,3080,51.5,0.146,0.589,0.265,2757,48,0.48,31293,37746,104066304,0.124,0.205,0.252,0.32899999999999996,0.07400000000000001,0.295,0.316,0.003711311,1,3.054765203,58,52,0.054545455,2.365653753,401021004.0,407031165.0,401021006.0,407031166.0,401021003.0,1318731060.0,87712538.27,66242815.48,44722057.73,1517408472.0,0.869067944,0.057804171,0.04365523,0.029472656,0.527315426,1.238135887,79.57712565,407031165,405011110,407031166,407031165,407031166,401021007,401011001,407031165,405011114,405011110,407031165.0,405011114.0,407031165.0,407031166.0,407031170.0
407031165,South Australia,4,Murray Bridge,18452,39.4,9160,37.7,9292,41.2,0.172,0.631,0.19699999999999998,8515,42,0.42,34287,37021,315235962,0.11599999999999999,0.166,0.275,0.29,0.054000000000000006,0.319,0.272,0.010721954,1,3.242570855,115,112,0.013215859,2.547026934,401021004.0,407011147.0,401021007.0,401021006.0,401021008.0,5459237497.0,73891280.91,72725314.48,43840017.21,5649694110.0,0.96628904,0.013078811,0.012872434,0.007759715,0.183588339,1.43257808,94.74174071,407031169,407031164,407031166,407031166,401021007,407031169,407031166,401021007,407031169,407031161,407031166.0,407011146.0,407031166.0,407031169.0,407031170.0
407031166,South Australia,4,Murray Bridge Region,3755,44.9,2008,45.1,1747,44.6,0.17,0.648,0.182,1488,46,0.47,34133,38460,57229067,0.138,0.182,0.27,0.309,0.05,0.28300000000000003,0.295,0.002181928,1,2.378273435,57,47,0.096153846,2.325554834,407031165.0,401021007.0,407031169.0,407031161.0,407031164.0,862186209.7,21282733.69,26950557.04,17445162.68,927864663.1,0.929215482,0.022937325,0.029045784,0.018801409,0.332309248,1.358430963,88.95898096,407031165,407031164,407031169,407031165,407031169,401021007,407031165,401021007,401011001,407031165,407031169.0,407031164.0,407031169.0,,
407031167,South Australia,4,Renmark,4845,42.4,2349,40.3,2496,44.4,0.168,0.5870000000000001,0.245,3069,44,0.47,31090,35952,110337178,0.122,0.185,0.24100000000000002,0.332,0.066,0.305,0.297,0.002815297,1,2.769365239,33,36,-0.043478261,1.451842209,407031159.0,407031168.0,407031160.0,407031162.0,407031163.0,1689993264.0,18330611.38,13888809.01,16168337.75,1738381022.0,0.972165045,0.010544645,0.007989508,0.009300802,0.157536865,1.444330089,95.65828406,407031168,407031159,407031162,407031168,407031160,407031159,407031160,407031168,401011001,407031168,407031162.0,407031160.0,407031168.0,407031170.0,
407031168,South Australia,4,Renmark Region,5005,44.2,2567,44.6,2438,43.5,0.17600000000000002,0.649,0.175,1934,44,0.47,32250,34709,67127618,0.109,0.171,0.264,0.32299999999999995,0.055,0.304,0.282,0.002908269,1,2.61132995,65,58,0.056910569,1.696124538,407031159.0,407031162.0,407031160.0,407031167.0,406021141.0,1399685771.0,12012409.68,10730041.51,161433431.1,1583861653.0,0.883717191,0.007584254,0.006774608,0.101923947,0.41284993,1.267434382,81.86212555,407031167,407031159,407031160,407031167,407031160,407031159,407031167,407031160,401011001,407031167,407031159.0,407031162.0,407031170.0,,
407031169,South Australia,4,The Coorong,5503,45.8,2816,46.0,2687,45.5,0.187,0.5920000000000001,0.221,2917,47,0.5,33082,40746,118856393,0.15,0.222,0.24100000000000002,0.309,0.08,0.3,0.337,0.003197643,1,2.456770432,49,65,-0.140350877,2.063362744,407031165.0,407021157.0,407011146.0,407031166.0,401021008.0,1413890911.0,40925323.36,24867426.47,20064448.11,1499748109.0,0.942752255,0.027288131,0.016581069,0.013378545,0.279540145,1.385504509,91.07045636,407031165,407031166,407021157,407031165,407031166,401021007,407031166,407031165,401021007,407031165,407031161.0,407021154.0,,,
407031170,South Australia,4,Waikerie,6759,48.2,3576,47.1,3183,49.1,0.157,0.61,0.233,3251,46,0.46,32975,38265,124400229,0.142,0.182,0.256,0.313,0.059000000000000004,0.289,0.295,0.003927471,1,2.888219237,63,61,0.016129032,2.473535131,402011026.0,405011111.0,402011025.0,405011114.0,405011110.0,1563919050.0,52904487.57,44829073.42,36007496.35,1697660107.0,0.921220357,0.03116318,0.026406389,0.021210074,0.361374814,1.342440714,87.71189579,407031159,407031162,405011114,407031160,405011114,407031163,401011001,407031163,405011114,407031159,405011114.0,405011111.0,,,
